Nom;Prénom;Sexe;Date de naissance;Lieu de naissance;Téléphone;E-mail;Adresse;Groupe sanguin;Classe
Diallo;Néné;F;01/07/2012;Coyah;622428267;nene.diallo120@hotmail.com;Quartier Kagbelen;AB+;2eme annee
Sylla;Tibou;M;09/03/2013;Boké;627881177;tibou.sylla9@outlook.com;Quartier Enco 5;AB+;2eme annee
Traoré;Kesso;F;10/09/2008;Mali;624443598;kesso.traore758@outlook.com;Quartier Kaloum;AB-;Terminale SE
Diaby;Fatou;F;05/06/2009;Dubréka;622620052;fatou.diaby886@yahoo.fr;Quartier Matam;A-;Terminale SE
Barry;Bakary;M;25/02/2012;Kankan;656274418;bakary.barry235@gmail.com;Quartier Enco 5;AB+;2eme annee
Barry;Fatou;F;17/10/2012;Labé;657277735;;Quartier Bambeto;B+;2eme annee
Sylla;Sira;F;12/08/2010;Macenta;664844033;sira.sylla665@gmail.com;Quartier Madina;B+;4eme Annee
Diallo;Ramatoulaye;F;18/08/2011;Télimélé;622607690;;Quartier Kagbelen;A-;4eme Annee
Kourouma;Nassa;F;11/02/2010;Siguiri;657909891;nassa.kourouma702@gmail.com;Quartier Kipé;O+;4eme Annee
Bah;Ousmane;M;05/01/2008;Boké;656624288;;Quartier Kobaya;A-;Terminale SE
Sylla;Bakary;M;19/02/2011;Conakry;664635218;bakary.sylla533@yahoo.fr;Quartier Bambeto;O+;4eme Annee
Doumbouya;Kadija;F;01/08/2012;Pita;628624902;kadija.doumbouya12@gmail.com;Quartier Kagbelen;B+;2eme annee
Bah;Yaya;F;06/12/2008;Kindia;658637395;;Quartier Cimenterie;B-;Terminale SE
Condé;Bineta;F;07/11/2011;Faranah;658638214;;Quartier Kobaya;O+;3ème Année
Touré;Ousmane;M;25/12/2012;Kamsar;621948799;ousmane.toure200@gmail.com;Quartier Cosa;A-;2eme annee
Diaby;Adama;F;07/06/2009;Pita;622303258;adama.diaby981@hotmail.com;Quartier Kagbelen;O-;Terminale SE
Sidibé;Hadja;F;17/06/2013;Mali;625132653;;Quartier Simbaya;AB-;2eme annee
Sylla;Saran;F;10/06/2010;Dabola;629408261;saran.sylla714@yahoo.fr;Quartier Kaloum;AB+;4eme Annee
Doumbouya;Nassa;F;24/04/2009;Lola;661817307;nassa.doumbouya856@hotmail.com;Quartier Matam;A-;Terminale SE
Sylla;Mabinty;F;05/04/2009;Macenta;662326534;mabinty.sylla844@outlook.com;Quartier Kaloum;AB+;Terminale SE
Bangoura;Bangaly;M;18/06/2010;Télimélé;660815903;bangaly.bangoura650@outlook.com;Quartier Kaloum;B-;4eme Annee
Kouyaté;Kadija;F;04/05/2011;Mamou;663610856;kadija.kouyate388@outlook.com;Quartier Kaloum;A-;3ème Année
Kouyaté;Fodé;M;27/03/2013;Tougué;662770872;fode.kouyate160@yahoo.fr;Quartier Lambanyi;O+;2eme annee
Touré;Bangaly;M;23/06/2011;N'Zérékoré;629700556;bangaly.toure252@gmail.com;Quartier Kaloum;AB+;3ème Année
Cissé;Aissatou;F;09/08/2010;Dabola;625315120;aissatou.cisse596@gmail.com;Quartier Kobaya;B-;4eme Annee
Sow;Lansana;M;23/09/2010;Tougué;626245129;lansana.sow587@yahoo.fr;Quartier Tombolia;O-;4eme Annee
Soumah;Yaya;F;23/11/2010;Mali;661410089;yaya.soumah703@outlook.com;Quartier Cimenterie;B-;4eme Annee
Cissé;Saran;F;18/06/2010;Conakry;620972089;;Quartier Lambanyi;O-;4eme Annee
Kourouma;Aminata;F;27/02/2012;Tougué;662317220;aminata.kourouma103@yahoo.fr;Quartier Cimenterie;A+;2eme annee
Bah;Adama;F;27/09/2013;Dabola;662962570;adama.bah249@hotmail.com;Quartier Tombolia;A-;2eme annee
Kourouma;Saran;F;12/06/2012;Pita;624347745;;Quartier Hamdallaye;A-;2eme annee
Bangoura;Fodé;M;14/08/2009;Télimélé;659129017;fode.bangoura991@gmail.com;Quartier Lambanyi;O-;Terminale SE
Baldé;Bineta;F;25/07/2010;Dinguiraye;629778604;bineta.balde676@yahoo.fr;Quartier Dixinn;B+;4eme Annee
Sylla;Saliou;M;13/12/2011;Forécariah;664755910;saliou.sylla485@hotmail.com;Quartier Cosa;A+;3ème Année
Condé;Salamatou;F;14/02/2012;Siguiri;660205428;salamatou.conde183@yahoo.fr;Quartier Madina;A+;2eme annee
Kourouma;Aicha;F;25/01/2009;Dinguiraye;658995528;;Quartier Bambeto;A+;Terminale SE
Baldé;Younoussa;M;08/08/2009;Dabola;656793013;younoussa.balde756@hotmail.com;Quartier Ratoma;O-;Terminale SE
Diaby;Fodé;M;14/03/2012;Dubréka;657468292;fode.diaby305@gmail.com;Quartier Wanindara;A-;3ème Année
Kourouma;Aminata;F;08/02/2013;Kamsar;662901577;aminata.kourouma67@yahoo.fr;Quartier Gbessia;AB+;2eme annee
Bangoura;Fanta;F;24/08/2011;Beyla;620405677;fanta.bangoura592@gmail.com;Quartier Cosa;B-;4eme Annee
Sylla;Kadija;F;27/12/2013;Boké;660570392;kadija.sylla140@gmail.com;Quartier Madina;B+;2eme annee
Diakité;Aicha;F;22/07/2013;Dubréka;658844638;aicha.diakite247@hotmail.com;Quartier Matam;O-;2eme annee
Kanté;Aissatou;F;15/07/2011;Dinguiraye;623673867;aissatou.kante344@yahoo.fr;Quartier Sonfonia;O+;3ème Année
Bah;Sékou;M;19/07/2011;Kissidougou;660261050;;Quartier Madina;AB+;3ème Année
Soumah;Yaya;M;03/12/2008;Kankan;656103005;yaya.soumah900@gmail.com;Quartier Nongo;AB-;Terminale SE
Kourouma;Mabinty;F;24/02/2011;Kankan;662504048;mabinty.kourouma463@yahoo.fr;Quartier Enco 5;A+;3ème Année
Kaba;Elhadj;M;15/04/2013;Kissidougou;624502219;elhadj.kaba80@yahoo.fr;Quartier Ratoma;B+;2eme annee
Barry;Binta;F;28/04/2012;Lola;657986827;binta.barry96@outlook.com;Quartier Ratoma;AB+;2eme annee
Camara;Hadja;F;21/05/2011;Kissidougou;664994199;hadja.camara642@hotmail.com;Quartier Enco 5;O+;4eme Annee
Sidibé;Elhadj;M;07/10/2013;Yomou;622148050;elhadj.sidibe5@outlook.com;Quartier Ratoma;A-;2eme annee
Konaté;Rougui;F;13/02/2013;Forécariah;659901535;rougui.konate171@gmail.com;Quartier Kaloum;O-;2eme annee
Kaba;Fassou;M;09/09/2012;Kissidougou;659241678;fassou.kaba440@yahoo.fr;Quartier Enco 5;AB-;3ème Année
Sylla;Cellou;M;03/12/2011;Pita;655931420;cellou.sylla469@hotmail.com;Quartier Enco 5;O-;3ème Année
Diaby;Tibou;M;27/06/2011;Siguiri;625219361;tibou.diaby351@hotmail.com;Quartier Hamdallaye;AB+;3ème Année
Keita;Fanta;F;28/07/2011;Yomou;621626491;fanta.keita314@yahoo.fr;Quartier Dixinn;AB-;3ème Année
Bangoura;Binta;F;24/11/2011;Boké;658746002;binta.bangoura263@yahoo.fr;Quartier Ratoma;O-;3ème Année
Barry;Abdoulaye;M;27/10/2011;Tougué;628642085;abdoulaye.barry668@yahoo.fr;Quartier Cimenterie;AB-;4eme Annee
Doumbouya;Mariame;F;05/04/2012;Mali;624595962;mariame.doumbouya430@yahoo.fr;Quartier Lambanyi;AB-;3ème Année
Sow;Elhadj;M;05/09/2010;Dubréka;659235670;elhadj.sow712@gmail.com;Quartier Sonfonia;AB-;4eme Annee
Diallo;Kesso;F;17/03/2012;N'Zérékoré;627955413;kesso.diallo202@outlook.com;Quartier Enco 5;B-;2eme annee
Konaté;Sira;F;08/08/2013;Mali;657760351;sira.konate240@hotmail.com;Quartier Kipé;O+;2eme annee
Kouyaté;Hawa;F;21/01/2010;Dabola;629319770;hawa.kouyate574@outlook.com;Quartier Simbaya;AB-;4eme Annee
Camara;Aly;M;10/09/2012;Siguiri;623183958;aly.camara150@outlook.com;Quartier Bambeto;AB-;2eme annee
Condé;Alhassane;M;22/08/2012;Coyah;663128679;alhassane.conde420@outlook.com;Quartier Ratoma;AB+;3ème Année
Kanté;Aboubacar;M;07/09/2008;Télimélé;625970055;aboubacar.kante808@outlook.com;Quartier Gbessia;AB+;Terminale SE
Traoré;Aboubacar;M;28/06/2008;Siguiri;623103234;aboubacar.traore816@hotmail.com;Quartier Kaloum;O+;Terminale SE
Bangoura;Sira;F;06/05/2011;Dabola;664961493;sira.bangoura476@hotmail.com;Quartier Simbaya;A+;3ème Année
Diaby;Sanoussy;M;16/05/2010;Fria;624630155;;Quartier Hamdallaye;B+;4eme Annee
Diaby;Fassou;M;07/02/2012;Forécariah;627540208;fassou.diaby280@gmail.com;Quartier Kaloum;B+;3ème Année
Kouyaté;Alpha;M;28/11/2012;Dabola;623287143;alpha.kouyate198@hotmail.com;Quartier Gbessia;A+;2eme annee
Konaté;Fassou;M;09/07/2012;Dinguiraye;660699809;fassou.konate318@gmail.com;Quartier Matam;B+;3ème Année
Sidibé;Bakary;M;11/04/2008;Télimélé;660164329;bakary.sidibe870@gmail.com;Quartier Bambeto;O-;Terminale SE
Cissé;Sanoussy;M;01/03/2012;Siguiri;627923824;sanoussy.cisse390@hotmail.com;Quartier Hamdallaye;B-;3ème Année
Baldé;Mariame;F;24/11/2008;Faranah;626849149;mariame.balde846@yahoo.fr;Quartier Lambanyi;A+;Terminale SE
Baldé;Aminata;F;23/09/2009;Faranah;662464211;aminata.balde876@hotmail.com;Quartier Kagbelen;O-;Terminale SE
Condé;Karim;M;13/09/2013;Télimélé;625812711;karim.conde223@hotmail.com;Quartier Ratoma;B+;2eme annee
Kouyaté;Mamadou;M;08/11/2008;Kamsar;627220783;;Quartier Matoto;B+;Terminale SE
Camara;Rougui;F;10/01/2009;N'Zérékoré;661958837;rougui.camara931@hotmail.com;Quartier Kagbelen;AB-;Terminale SE
Doumbouya;Sanoussy;M;04/01/2012;Faranah;627635482;sanoussy.doumbouya236@yahoo.fr;Quartier Yimbaya;B-;2eme annee
Camara;Hadja;F;23/04/2011;Dabola;629235193;;Quartier Gbessia;B+;3ème Année
Fofana;Bakary;M;04/09/2008;Boké;627481308;bakary.fofana967@hotmail.com;Quartier Simbaya;A-;Terminale SE
Fofana;Moussa;M;24/05/2012;Télimélé;664776913;;Quartier Yimbaya;A-;3ème Année
Traoré;Néné;F;11/10/2013;Forécariah;661658198;nene.traore174@outlook.com;Quartier Wanindara;O+;2eme annee
Camara;Sira;F;19/01/2010;Labé;655166292;;Quartier Kaloum;AB+;4eme Annee
Camara;Fodé;M;19/08/2011;Yomou;626576769;;Quartier Cimenterie;A+;3ème Année
Diaby;Kadiatou;F;06/09/2010;Labé;620608623;kadiatou.diaby575@gmail.com;Quartier Cosa;AB-;4eme Annee
Diakité;Kadija;F;14/09/2013;Tougué;658963333;kadija.diakite159@yahoo.fr;Quartier Cimenterie;O-;2eme annee
Touré;Aicha;F;13/12/2010;Coyah;626670871;aicha.toure704@hotmail.com;Quartier Nongo;AB+;4eme Annee
Camara;Alhassane;M;21/12/2013;Pita;660583214;alhassane.camara212@outlook.com;Quartier Matam;A+;2eme annee
Diakité;Saliou;M;07/10/2012;Forécariah;620872722;saliou.diakite417@gmail.com;Quartier Tombolia;B+;3ème Année
Soumah;Karim;M;01/05/2008;Lola;661847868;karim.soumah851@yahoo.fr;Quartier Kaloum;AB+;Terminale SE
Kouyaté;Younoussa;M;09/03/2012;Kamsar;623878480;younoussa.kouyate28@outlook.com;Quartier Bambeto;A-;2eme annee
Diaby;Kadija;F;26/08/2008;Lola;656456329;kadija.diaby770@hotmail.com;Quartier Kobaya;AB+;Terminale SE
Sow;Moussa;M;10/01/2009;Labé;625957210;moussa.sow887@yahoo.fr;Quartier Ratoma;A+;Terminale SE
Kourouma;Saran;F;25/03/2008;Kamsar;623419398;saran.kourouma978@outlook.com;Quartier Yimbaya;AB-;Terminale SE
Diallo;Elhadj;M;22/05/2011;Yomou;656200488;elhadj.diallo612@outlook.com;Quartier Kaloum;O+;4eme Annee
Cissé;Aminata;F;05/12/2011;Dabola;625155457;aminata.cisse610@hotmail.com;Quartier Kagbelen;B-;4eme Annee
Bangoura;Nassa;F;08/08/2010;Gueckedou;621239849;;Quartier Kagbelen;AB+;4eme Annee
Traoré;Sira;F;19/05/2008;Dubréka;655163821;;Quartier Enco 5;O+;Terminale SE
Sylla;Oumou;F;03/05/2008;Forécariah;657231211;oumou.sylla907@hotmail.com;Quartier Simbaya;O+;Terminale SE
Baldé;Ibrahima;M;07/11/2008;Coyah;657297045;ibrahima.balde966@outlook.com;Quartier Sonfonia;B-;Terminale SE
Traoré;Thierno;M;20/06/2012;Conakry;624606545;thierno.traore353@gmail.com;Quartier Lambanyi;AB-;3ème Année
Cissé;Sanoussy;M;13/03/2011;Beyla;620943442;;Quartier Kaloum;AB-;3ème Année
Sow;Sékou;M;08/07/2012;Faranah;622542750;sekou.sow444@outlook.com;Quartier Bambeto;B+;3ème Année
Sylla;Abdoulaye;M;07/04/2012;Pita;623883159;abdoulaye.sylla208@hotmail.com;Quartier Cosa;A-;2eme annee
Kourouma;Djénabou;F;12/01/2013;Kissidougou;663486831;djenabou.kourouma158@yahoo.fr;Quartier Simbaya;O-;2eme annee
Kaba;Fodé;M;01/10/2012;Gaoual;622866437;fode.kaba255@outlook.com;Quartier Ratoma;AB+;3ème Année
Barry;Fodé;M;09/08/2011;Gueckedou;664543621;;Quartier Lambanyi;B-;4eme Annee
Diakité;Néné;F;16/09/2013;Kindia;620836986;nene.diakite218@hotmail.com;Quartier Lambanyi;B-;2eme annee
Cissé;Moussa;M;05/01/2012;Labé;664152179;moussa.cisse116@outlook.com;Quartier Yimbaya;AB+;2eme annee
Baldé;Souleymane;M;21/06/2009;Koundara;622571233;souleymane.balde952@gmail.com;Quartier Gbessia;B+;Terminale SE
Kourouma;Alpha;M;15/01/2009;Kindia;626396765;alpha.kourouma985@gmail.com;Quartier Matoto;AB-;Terminale SE
Konaté;Mariame;F;28/05/2013;Labé;625932250;mariame.konate157@yahoo.fr;Quartier Dixinn;A-;2eme annee
Sylla;Ibrahima;M;13/05/2008;Dubréka;625960116;ibrahima.sylla997@outlook.com;Quartier Simbaya;AB-;Terminale SE
Sow;Fatou;F;13/09/2013;Kissidougou;623374492;fatou.sow155@hotmail.com;Quartier Sonfonia;B+;2eme annee
Bah;Kesso;F;22/02/2011;Lola;660743644;;Quartier Tombolia;O+;3ème Année
Kouyaté;Amadou;M;04/11/2012;Dabola;662526117;amadou.kouyate32@yahoo.fr;Quartier Cosa;A+;2eme annee
Soumah;Thierno;M;23/01/2010;Forécariah;658910926;thierno.soumah660@hotmail.com;Quartier Kobaya;AB-;4eme Annee
Kaba;Binta;F;26/09/2011;Conakry;664617437;binta.kaba501@hotmail.com;Quartier Yimbaya;AB+;4eme Annee
Camara;Mamadou;M;18/04/2010;Dabola;662433955;mamadou.camara521@outlook.com;Quartier Enco 5;A-;4eme Annee
Sow;Aminata;F;20/10/2011;Faranah;664694587;aminata.sow489@yahoo.fr;Quartier Cosa;O+;3ème Année
Diallo;Mamadou;M;17/10/2011;Dubréka;625678588;mamadou.diallo736@yahoo.fr;Quartier Ratoma;A+;4eme Annee
Soumah;Oumou;F;03/09/2011;Faranah;658596330;;Quartier Simbaya;B-;4eme Annee
Fofana;Rougui;F;05/04/2010;Pita;629985126;rougui.fofana643@outlook.com;Quartier Ratoma;A-;4eme Annee
Bah;Bineta;F;12/09/2013;Kamsar;628701987;bineta.bah113@hotmail.com;Quartier Tombolia;O+;2eme annee
Cissé;Mariam;F;26/01/2011;Tougué;628161437;mariam.cisse294@hotmail.com;Quartier Gbessia;B-;3ème Année
Kaba;Hadja;F;17/05/2012;Gaoual;664543692;hadja.kaba15@yahoo.fr;Quartier Bambeto;AB+;2eme annee
Kourouma;Néné;F;16/06/2011;Gaoual;664657381;;Quartier Sonfonia;AB-;3ème Année
Kanté;Binta;F;03/01/2012;Fria;621286638;binta.kante381@gmail.com;Quartier Enco 5;A-;3ème Année
Kanté;Djeinabou;F;14/02/2012;Boké;624694116;djeinabou.kante317@gmail.com;Quartier Dixinn;O-;3ème Année
Diallo;Aicha;F;10/09/2008;Kamsar;661977116;aicha.diallo892@gmail.com;Quartier Cosa;O+;Terminale SE
Camara;Salamatou;F;19/02/2012;Gueckedou;621556112;salamatou.camara282@yahoo.fr;Quartier Cosa;B+;3ème Année
Kanté;Ibrahima;M;15/04/2013;Coyah;627997004;ibrahima.kante101@outlook.com;Quartier Tombolia;B-;2eme annee
Barry;Yaya;M;19/12/2012;Beyla;622620248;yaya.barry273@outlook.com;Quartier Matoto;AB-;3ème Année
Fofana;Kadija;F;25/05/2012;Koundara;629583757;kadija.fofana495@outlook.com;Quartier Simbaya;O+;3ème Année
Baldé;Hawa;F;27/03/2008;Faranah;623122013;hawa.balde755@yahoo.fr;Quartier Kipé;O-;Terminale SE
Cissé;Sanoussy;M;22/08/2011;Dubréka;660320939;sanoussy.cisse401@hotmail.com;Quartier Madina;A-;3ème Année
Kouyaté;Rougui;F;18/10/2011;Forécariah;657376502;rougui.kouyate711@hotmail.com;Quartier Yimbaya;AB-;4eme Annee
Camara;Souleymane;M;05/03/2010;Pita;659608608;souleymane.camara688@hotmail.com;Quartier Enco 5;A-;4eme Annee
Kanté;Djeinabou;F;19/04/2009;Tougué;664167808;djeinabou.kante823@hotmail.com;Quartier Kipé;AB+;Terminale SE
Sylla;Thierno;M;21/02/2009;Fria;627326122;thierno.sylla914@yahoo.fr;Quartier Matam;B-;Terminale SE
Kouyaté;Alseny;M;10/08/2012;Lola;662265649;;Quartier Nongo;B+;2eme annee
Bah;Assiatou;F;12/06/2008;Gaoual;624409012;assiatou.bah901@hotmail.com;Quartier Cosa;A-;Terminale SE
Traoré;Mohamed;M;08/10/2013;Beyla;622766269;mohamed.traore98@outlook.com;Quartier Kagbelen;AB+;2eme annee
Soumah;Aicha;F;07/09/2010;Yomou;626395548;aicha.soumah620@gmail.com;Quartier Dixinn;A-;4eme Annee
Sylla;Mariam;F;08/01/2012;Kissidougou;656766833;mariam.sylla279@gmail.com;Quartier Cimenterie;O+;3ème Année
Sidibé;Saran;F;27/03/2013;Lola;627133104;saran.sidibe176@gmail.com;Quartier Sonfonia;O+;2eme annee
Kourouma;Mariam;F;09/03/2010;N'Zérékoré;660230208;mariam.kourouma607@outlook.com;Quartier Lambanyi;A+;4eme Annee
Diakité;Mohamed;M;12/08/2010;Fria;655157706;mohamed.diakite600@yahoo.fr;Quartier Enco 5;A-;4eme Annee
Fofana;Bangaly;M;14/10/2011;Kankan;664355528;bangaly.fofana528@hotmail.com;Quartier Kipé;O-;4eme Annee
Kourouma;Aicha;F;15/02/2011;N'Zérékoré;659593403;aicha.kourouma525@yahoo.fr;Quartier Kaloum;B+;4eme Annee
Soumah;Fodé;M;03/12/2008;N'Zérékoré;659463627;fode.soumah778@outlook.com;Quartier Kipé;A+;Terminale SE
Sylla;Moussa;M;22/09/2010;Dabola;621216356;moussa.sylla586@hotmail.com;Quartier Simbaya;O+;4eme Annee
Diaby;Mariam;F;08/04/2013;Boké;623809570;mariam.diaby1@gmail.com;Quartier Enco 5;AB+;2eme annee
Sylla;Mabinty;F;15/09/2011;Télimélé;627283027;mabinty.sylla571@gmail.com;Quartier Simbaya;A+;4eme Annee
Camara;Abdoulaye;M;12/09/2012;Coyah;620913608;abdoulaye.camara457@hotmail.com;Quartier Matam;O+;3ème Année
Diakité;Oumou;F;21/06/2008;N'Zérékoré;627817663;oumou.diakite893@gmail.com;Quartier Wanindara;A+;Terminale SE
Sow;Ramatoulaye;F;28/11/2008;Yomou;628511907;;Quartier Enco 5;B+;Terminale SE
Soumah;Facinet;M;26/10/2008;Kindia;624261156;facinet.soumah771@outlook.com;Quartier Enco 5;AB+;Terminale SE
Konaté;Aicha;F;10/05/2008;Dubréka;629377611;aicha.konate858@hotmail.com;Quartier Sonfonia;B+;Terminale SE
Traoré;Sékou;M;12/04/2011;Gueckedou;659189903;;Quartier Kaloum;B-;4eme Annee
Baldé;Ibrahima;M;25/07/2013;Gueckedou;620998348;ibrahima.balde48@hotmail.com;Quartier Wanindara;O+;2eme annee
Bah;Hawa;F;27/01/2008;Yomou;664612348;;Quartier Sonfonia;O-;Terminale SE
Bah;Djénabou;F;03/06/2009;Macenta;655224099;djenabou.bah894@gmail.com;Quartier Matoto;A+;Terminale SE
Diallo;Bakary;M;23/07/2008;N'Zérékoré;659154961;bakary.diallo786@gmail.com;Quartier Kipé;A-;Terminale SE
Fofana;Bakary;M;25/02/2011;Lola;627102303;bakary.fofana360@outlook.com;Quartier Tombolia;B-;3ème Année
Bangoura;Bakary;M;21/01/2011;Macenta;621982348;bakary.bangoura651@gmail.com;Quartier Kobaya;A-;4eme Annee
Barry;Kadija;F;17/11/2012;Kankan;658415098;kadija.barry203@yahoo.fr;Quartier Kagbelen;AB+;2eme annee
Konaté;Ramatoulaye;F;12/08/2012;Lola;628712955;ramatoulaye.konate97@outlook.com;Quartier Dixinn;A-;2eme annee
Cissé;Saliou;M;01/12/2011;Beyla;660409963;saliou.cisse331@hotmail.com;Quartier Kipé;AB+;3ème Année
Sow;Djénabou;F;08/06/2011;Beyla;620265092;;Quartier Hamdallaye;AB+;3ème Année
Diallo;Alhassane;M;11/12/2012;Dinguiraye;664878533;alhassane.diallo493@gmail.com;Quartier Gbessia;O-;3ème Année
Diallo;Sanoussy;M;23/03/2012;Télimélé;655391369;sanoussy.diallo3@outlook.com;Quartier Dixinn;O-;2eme annee
Keita;Bineta;F;06/06/2010;Conakry;662441958;;Quartier Kobaya;AB+;4eme Annee
Camara;Kesso;F;16/11/2011;Coyah;620311505;kesso.camara415@outlook.com;Quartier Sonfonia;O+;3ème Année
Baldé;Aminata;F;28/08/2011;Forécariah;655169327;aminata.balde604@hotmail.com;Quartier Ratoma;O+;4eme Annee
Kaba;Aissatou;F;05/07/2012;Labé;621679720;aissatou.kaba275@hotmail.com;Quartier Cosa;B-;3ème Année
Camara;Bangaly;M;05/07/2012;Faranah;656900961;bangaly.camara170@gmail.com;Quartier Kipé;O+;2eme annee
Camara;Fanta;F;14/09/2011;Koundara;663606390;fanta.camara363@yahoo.fr;Quartier Enco 5;A+;3ème Année
Sano;Abdoulaye;M;18/07/2013;Pita;662938722;abdoulaye.sano49@yahoo.fr;Quartier Wanindara;A-;2eme annee
Diakité;Bangaly;M;23/11/2011;Dabola;623660894;bangaly.diakite652@hotmail.com;Quartier Kipé;O+;4eme Annee
Sano;Fodé;M;13/12/2010;Labé;656757258;fode.sano584@gmail.com;Quartier Kagbelen;O-;4eme Annee
Sylla;Alpha;M;27/01/2012;Kissidougou;661311976;alpha.sylla193@yahoo.fr;Quartier Matam;B-;2eme annee
Sylla;Facinet;M;15/01/2012;Macenta;663204837;;Quartier Sonfonia;B+;2eme annee
Sylla;Hawa;F;07/01/2013;Gueckedou;624888795;hawa.sylla220@hotmail.com;Quartier Ratoma;B+;2eme annee
Soumah;Kadija;F;11/01/2011;Conakry;623761032;kadija.soumah689@hotmail.com;Quartier Lambanyi;AB-;4eme Annee
Barry;Alseny;M;07/07/2011;Dabola;622783185;alseny.barry640@outlook.com;Quartier Lambanyi;B-;4eme Annee
Konaté;Thierno;M;07/02/2008;Macenta;620893270;thierno.konate910@yahoo.fr;Quartier Tombolia;A-;Terminale SE
Sylla;Djénabou;F;19/04/2009;Forécariah;656233457;djenabou.sylla992@outlook.com;Quartier Matoto;AB+;Terminale SE
Traoré;Mabinty;F;17/10/2010;Mamou;660627054;mabinty.traore719@gmail.com;Quartier Kobaya;A+;4eme Annee
Diakité;Tibou;M;09/08/2012;Mamou;659416822;tibou.diakite328@hotmail.com;Quartier Enco 5;O-;3ème Année
Bangoura;Yaya;M;10/06/2012;Labé;626458332;yaya.bangoura132@hotmail.com;Quartier Sonfonia;A-;2eme annee
Fofana;Aissatou;F;05/03/2012;Faranah;656710434;aissatou.fofana468@outlook.com;Quartier Bambeto;O-;3ème Année
Diakité;Saran;F;24/12/2011;Lola;629189913;saran.diakite403@hotmail.com;Quartier Wanindara;A+;3ème Année
Sow;Saliou;M;11/10/2010;Labé;620847949;;Quartier Kipé;O-;4eme Annee
Touré;Bangaly;M;19/03/2011;Gaoual;628105919;bangaly.toure373@yahoo.fr;Quartier Matoto;A+;3ème Année
Diaby;Abdoulaye;M;23/04/2009;Macenta;624996531;abdoulaye.diaby766@outlook.com;Quartier Madina;B+;Terminale SE
Traoré;Fassou;M;12/08/2008;Forécariah;664428881;fassou.traore919@hotmail.com;Quartier Gbessia;AB-;Terminale SE
Traoré;Yaya;F;21/11/2011;Télimélé;661541119;yaya.traore407@gmail.com;Quartier Gbessia;AB+;3ème Année
Soumah;Saran;F;28/02/2013;Gaoual;659204555;saran.soumah84@hotmail.com;Quartier Madina;A+;2eme annee
Keita;Kadija;F;07/09/2010;Tougué;625901834;;Quartier Matam;B-;4eme Annee
Kourouma;Amadou;M;06/06/2012;Pita;659779776;amadou.kourouma187@yahoo.fr;Quartier Madina;B-;2eme annee
Konaté;Rougui;F;18/04/2010;Télimélé;662573685;;Quartier Yimbaya;B+;4eme Annee
Bangoura;Ibrahima;M;11/09/2013;Yomou;658528090;;Quartier Kipé;A+;2eme annee
Fofana;Saliou;M;11/12/2010;Fria;664796781;saliou.fofana717@hotmail.com;Quartier Cosa;AB+;4eme Annee
Konaté;Salamatou;F;25/02/2012;Gaoual;627274389;salamatou.konate21@hotmail.com;Quartier Sonfonia;AB+;2eme annee
Doumbouya;Sira;F;05/10/2010;Gueckedou;620538065;sira.doumbouya581@gmail.com;Quartier Wanindara;O+;4eme Annee
Barry;Saran;F;18/07/2011;Kissidougou;657196411;saran.barry375@yahoo.fr;Quartier Kobaya;B-;3ème Année
Sylla;Alhassane;M;24/03/2013;Coyah;662839945;alhassane.sylla30@gmail.com;Quartier Dixinn;O-;2eme annee
Sylla;Djénabou;F;25/08/2010;Télimélé;657349505;djenabou.sylla547@yahoo.fr;Quartier Sonfonia;B-;4eme Annee
Fofana;Karim;M;18/02/2008;Lola;627848244;karim.fofana783@yahoo.fr;Quartier Wanindara;B+;Terminale SE
Fofana;Mamadou;M;13/12/2013;Faranah;661666211;mamadou.fofana72@gmail.com;Quartier Simbaya;O+;2eme annee
Soumah;Thierno;M;04/01/2013;Macenta;658462479;thierno.soumah36@outlook.com;Quartier Lambanyi;O-;2eme annee
Keita;Yaya;F;08/05/2011;Mamou;655122755;yaya.keita467@outlook.com;Quartier Tombolia;A+;3ème Année
Diallo;Aly;M;26/08/2012;Gueckedou;662475479;;Quartier Cimenterie;A-;3ème Année
Konaté;Cellou;M;26/08/2012;Gueckedou;626437145;cellou.konate127@yahoo.fr;Quartier Matoto;AB-;2eme annee
Konaté;Elhadj;M;07/06/2008;Fria;622126885;elhadj.konate941@yahoo.fr;Quartier Madina;O-;Terminale SE
Fofana;Assiatou;F;12/01/2009;Conakry;664582716;assiatou.fofana859@outlook.com;Quartier Dixinn;O+;Terminale SE
Diakité;Amadou;M;13/09/2008;Mamou;660213915;amadou.diakite772@hotmail.com;Quartier Kagbelen;B+;Terminale SE
Sano;Mohamed;M;20/05/2012;Kankan;620674842;mohamed.sano443@hotmail.com;Quartier Tombolia;AB+;3ème Année
Soumah;Alhassane;M;18/01/2011;Faranah;662665892;alhassane.soumah393@yahoo.fr;Quartier Nongo;AB+;3ème Année
Kouyaté;Djénabou;F;21/10/2010;Kamsar;623190582;djenabou.kouyate553@yahoo.fr;Quartier Kipé;A+;4eme Annee
Kanté;Mamadou;M;05/08/2010;Gaoual;626645980;mamadou.kante591@gmail.com;Quartier Bambeto;AB+;4eme Annee
Sow;Facinet;M;03/03/2009;Faranah;663480977;facinet.sow917@gmail.com;Quartier Matam;AB-;Terminale SE
Camara;Thierno;M;01/06/2008;Fria;656131475;thierno.camara753@yahoo.fr;Quartier Bambeto;AB-;Terminale SE
Fofana;Amadou;M;23/01/2011;Boké;620738359;amadou.fofana731@gmail.com;Quartier Kobaya;A+;4eme Annee
Cissé;Younoussa;M;24/01/2010;Kissidougou;661447372;younoussa.cisse598@outlook.com;Quartier Wanindara;B+;4eme Annee
Konaté;Alseny;M;25/03/2008;Fria;629566097;alseny.konate762@yahoo.fr;Quartier Enco 5;O+;Terminale SE
Baldé;Alseny;M;15/03/2008;Fria;657734229;alseny.balde777@outlook.com;Quartier Enco 5;AB-;Terminale SE
Kouyaté;Cellou;M;20/03/2012;Gaoual;657967161;cellou.kouyate188@outlook.com;Quartier Ratoma;AB+;2eme annee
Cissé;Oumou;F;14/07/2013;Pita;623427730;oumou.cisse110@outlook.com;Quartier Nongo;A+;2eme annee
Fofana;Nassa;F;18/02/2008;Macenta;655416120;nassa.fofana875@yahoo.fr;Quartier Tombolia;A+;Terminale SE
Camara;Lansana;M;12/02/2012;Gaoual;664308622;lansana.camara433@yahoo.fr;Quartier Bambeto;B-;3ème Année
Diallo;Aly;M;23/05/2009;Coyah;660989897;aly.diallo960@gmail.com;Quartier Nongo;O-;Terminale SE
Condé;Abdoulaye;M;02/09/2010;Conakry;656373477;abdoulaye.conde695@yahoo.fr;Quartier Matam;O+;4eme Annee
Diaby;Mariame;F;15/03/2012;Dinguiraye;628771088;mariame.diaby7@yahoo.fr;Quartier Kobaya;B-;2eme annee
Sylla;Djibril;M;06/07/2011;Kissidougou;659844747;djibril.sylla605@yahoo.fr;Quartier Sonfonia;A+;4eme Annee
Kanté;Fatoumata;F;07/01/2012;Forécariah;659491329;;Quartier Kagbelen;AB-;2eme annee
Kourouma;Assiatou;F;26/09/2012;Forécariah;659610451;;Quartier Kagbelen;A-;3ème Année
Barry;Mariam;F;17/04/2012;Macenta;620688508;mariam.barry2@hotmail.com;Quartier Cosa;AB-;2eme annee
Camara;Cellou;M;14/08/2011;Dinguiraye;622666366;cellou.camara559@hotmail.com;Quartier Wanindara;O-;4eme Annee
Diallo;Cellou;M;26/01/2009;Dabola;658596405;cellou.diallo924@yahoo.fr;Quartier Madina;AB+;Terminale SE
Doumbouya;Facinet;M;04/02/2012;Forécariah;622145903;facinet.doumbouya459@yahoo.fr;Quartier Matam;O+;3ème Année
Diakité;Sékou;M;08/06/2012;Conakry;655203896;sekou.diakite139@outlook.com;Quartier Kaloum;A+;2eme annee
Traoré;Aly;M;04/08/2012;Boké;629107096;aly.traore229@outlook.com;Quartier Simbaya;AB+;2eme annee
Sylla;Abdoulaye;M;27/06/2012;Coyah;664156215;abdoulaye.sylla246@gmail.com;Quartier Wanindara;A+;2eme annee
Traoré;Younoussa;M;10/03/2011;Pita;657537110;younoussa.traore693@outlook.com;Quartier Wanindara;A+;4eme Annee
Bah;Lansana;M;18/10/2012;Labé;662128223;lansana.bah232@hotmail.com;Quartier Sonfonia;AB-;2eme annee
Fofana;Lansana;M;05/10/2012;Forécariah;656517368;lansana.fofana154@outlook.com;Quartier Cosa;O-;2eme annee
Fofana;Hadja;F;24/04/2011;N'Zérékoré;628302458;;Quartier Simbaya;O-;4eme Annee
Camara;Ousmane;M;04/08/2009;Gueckedou;657111554;ousmane.camara1000@gmail.com;Quartier Kagbelen;AB-;Terminale SE
Sylla;Fatoumata;F;07/08/2011;Siguiri;658426711;fatoumata.sylla447@hotmail.com;Quartier Nongo;AB-;3ème Année
Sow;Mohamed;M;04/01/2009;Fria;658650462;mohamed.sow810@outlook.com;Quartier Lambanyi;A+;Terminale SE
Keita;Facinet;M;09/02/2010;Dabola;658478162;facinet.keita700@yahoo.fr;Quartier Kaloum;AB+;4eme Annee
Diallo;Mamadou;M;10/08/2010;Gueckedou;620575159;mamadou.diallo708@yahoo.fr;Quartier Enco 5;A-;4eme Annee
Fofana;Fanta;F;19/09/2013;Kamsar;659628313;fanta.fofana106@gmail.com;Quartier Kobaya;B+;2eme annee
Sylla;Mabinty;F;19/03/2008;Kissidougou;626347789;mabinty.sylla798@hotmail.com;Quartier Yimbaya;B+;Terminale SE
Keita;Fanta;F;12/05/2011;Conakry;661714926;fanta.keita749@yahoo.fr;Quartier Matoto;A-;4eme Annee
Barry;Yaya;M;25/03/2011;Kissidougou;662107686;yaya.barry379@yahoo.fr;Quartier Kobaya;A-;3ème Année
Camara;Younoussa;M;08/03/2011;Gueckedou;655945372;younoussa.camara296@outlook.com;Quartier Enco 5;O+;3ème Année
Diaby;Bangaly;M;26/06/2012;Yomou;621963652;bangaly.diaby462@gmail.com;Quartier Ratoma;B+;3ème Année
Diallo;Sira;F;24/06/2011;Pita;663235602;sira.diallo674@gmail.com;Quartier Kagbelen;B+;4eme Annee
Touré;Ramatoulaye;F;02/03/2012;Macenta;664746947;ramatoulaye.toure291@outlook.com;Quartier Wanindara;AB+;3ème Année
Sylla;Amadou;M;01/01/2008;Gaoual;661865847;amadou.sylla803@hotmail.com;Quartier Kipé;AB+;Terminale SE
Doumbouya;Fatoumata;F;19/04/2011;Dubréka;659392731;;Quartier Lambanyi;A-;4eme Annee
Cissé;Djibril;M;18/12/2011;Yomou;664925220;djibril.cisse301@yahoo.fr;Quartier Kipé;B+;3ème Année
Diaby;Mamadou;M;28/05/2012;Kindia;659375581;mamadou.diaby250@gmail.com;Quartier Yimbaya;O-;2eme annee
Kaba;Sira;F;20/03/2011;N'Zérékoré;656557169;sira.kaba638@gmail.com;Quartier Tombolia;A-;4eme Annee
Bangoura;Kadija;F;11/11/2012;Faranah;623938171;kadija.bangoura148@hotmail.com;Quartier Yimbaya;AB+;2eme annee
Sidibé;Alseny;M;09/05/2012;Beyla;629297509;;Quartier Cosa;O+;3ème Année
Sidibé;Fassou;M;16/02/2012;Mali;628455007;fassou.sidibe85@hotmail.com;Quartier Kagbelen;O-;2eme annee
Kaba;Saliou;M;09/09/2011;Kissidougou;655948802;saliou.kaba630@gmail.com;Quartier Matoto;AB+;4eme Annee
Cissé;Mariame;F;13/09/2013;Siguiri;625581992;mariame.cisse178@outlook.com;Quartier Tombolia;B-;2eme annee
Cissé;Souleymane;M;09/03/2008;Fria;625812195;souleymane.cisse976@gmail.com;Quartier Simbaya;B-;Terminale SE
Kourouma;Alseny;M;10/05/2010;Forécariah;662439658;alseny.kourouma510@gmail.com;Quartier Kobaya;B-;4eme Annee
Sow;Mohamed;M;09/04/2009;Beyla;622476536;mohamed.sow764@outlook.com;Quartier Gbessia;O-;Terminale SE
Kourouma;Saliou;M;15/12/2012;Fria;657743473;saliou.kourouma434@yahoo.fr;Quartier Matam;B-;3ème Année
Kourouma;Thierno;M;16/04/2011;Dabola;629907141;thierno.kourouma594@yahoo.fr;Quartier Nongo;B+;4eme Annee
Sow;Saran;F;27/07/2008;Télimélé;659681074;saran.sow906@outlook.com;Quartier Enco 5;B+;Terminale SE
Doumbouya;Fassou;M;27/02/2010;Mali;660812120;fassou.doumbouya624@gmail.com;Quartier Kobaya;AB-;4eme Annee
Diallo;Mabinty;F;07/02/2009;Conakry;655245295;mabinty.diallo948@yahoo.fr;Quartier Hamdallaye;B+;Terminale SE
Camara;Mohamed;M;01/05/2013;Gueckedou;621735863;mohamed.camara92@outlook.com;Quartier Cosa;B-;2eme annee
Soumah;Kesso;F;21/10/2013;Conakry;660757629;kesso.soumah164@outlook.com;Quartier Wanindara;A-;2eme annee
Bangoura;Fatoumata;F;12/09/2008;Kindia;658619577;fatoumata.bangoura857@outlook.com;Quartier Dixinn;B-;Terminale SE
Diallo;Tibou;M;07/02/2008;N'Zérékoré;621240173;tibou.diallo863@outlook.com;Quartier Matoto;A+;Terminale SE
Kourouma;Sékou;M;22/12/2012;Kindia;657506380;sekou.kourouma370@outlook.com;Quartier Tombolia;O+;3ème Année
Kanté;Kadija;F;25/07/2011;Boké;663265725;kadija.kante487@gmail.com;Quartier Matam;B-;3ème Année
Bangoura;Rougui;F;17/08/2011;Forécariah;623593002;rougui.bangoura589@outlook.com;Quartier Yimbaya;B-;4eme Annee
Sylla;Yaya;M;18/10/2009;Forécariah;626821347;;Quartier Matoto;A-;Terminale SE
Diallo;Bakary;M;02/12/2011;Faranah;658191014;bakary.diallo515@yahoo.fr;Quartier Nongo;AB-;4eme Annee
Barry;Mariam;F;15/11/2011;Mali;624196446;mariam.barry289@outlook.com;Quartier Dixinn;O+;3ème Année
Barry;Fassou;M;24/02/2008;Kankan;622273133;fassou.barry854@gmail.com;Quartier Bambeto;AB-;Terminale SE
Touré;Mariame;F;21/07/2009;Labé;657578221;;Quartier Hamdallaye;AB+;Terminale SE
Diallo;Ramatoulaye;F;28/12/2011;Boké;627253347;ramatoulaye.diallo253@yahoo.fr;Quartier Kobaya;AB+;3ème Année
Barry;Aminata;F;12/11/2012;Dabola;657694799;;Quartier Kaloum;AB-;2eme annee
Bah;Néné;F;22/11/2010;Forécariah;659811016;nene.bah564@yahoo.fr;Quartier Enco 5;A-;4eme Annee
Kaba;Souleymane;M;11/07/2012;Lola;657859359;souleymane.kaba50@hotmail.com;Quartier Kaloum;O+;2eme annee
Doumbouya;Sanoussy;M;20/01/2009;Kankan;622383246;;Quartier Dixinn;AB+;Terminale SE
Sylla;Aboubacar;M;13/06/2011;Dabola;620398477;aboubacar.sylla602@outlook.com;Quartier Yimbaya;O-;4eme Annee
Touré;Bakary;M;07/05/2013;Dinguiraye;660211834;bakary.toure91@outlook.com;Quartier Enco 5;B+;2eme annee
Fofana;Kadija;F;04/05/2013;Boké;622296494;kadija.fofana225@hotmail.com;Quartier Dixinn;O+;2eme annee
Fofana;Abdoulaye;M;02/12/2012;Labé;659535810;abdoulaye.fofana165@yahoo.fr;Quartier Cimenterie;A+;2eme annee
Diakité;Alhassane;M;17/02/2009;Pita;629396080;alhassane.diakite831@yahoo.fr;Quartier Tombolia;AB+;Terminale SE
Kaba;Fassou;M;25/02/2011;Dubréka;655352593;fassou.kaba356@outlook.com;Quartier Matoto;A-;3ème Année
Sidibé;Karim;M;19/05/2009;Boké;623441027;;Quartier Tombolia;A+;Terminale SE
Barry;Fatou;F;20/06/2011;Macenta;660838726;;Quartier Kagbelen;A+;3ème Année
Camara;Fodé;M;08/04/2012;Yomou;622467506;fode.camara304@gmail.com;Quartier Madina;O+;3ème Année
Bangoura;Mamadou;M;09/10/2013;Mali;621865179;mamadou.bangoura4@gmail.com;Quartier Kipé;O-;2eme annee
Barry;Fodé;M;01/02/2013;Beyla;664938141;fode.barry78@yahoo.fr;Quartier Bambeto;O+;2eme annee
Diallo;Fatou;F;23/07/2011;Gaoual;661221462;;Quartier Matoto;O-;4eme Annee
Camara;Djeinabou;F;24/09/2008;Koundara;655994141;djeinabou.camara890@yahoo.fr;Quartier Kaloum;AB-;Terminale SE
Sow;Ousmane;M;19/12/2011;Dinguiraye;663133955;ousmane.sow302@outlook.com;Quartier Simbaya;A-;3ème Année
Fofana;Sanoussy;M;12/10/2012;Pita;624194511;sanoussy.fofana94@outlook.com;Quartier Lambanyi;A+;2eme annee
Kourouma;Fanta;F;27/05/2008;Lola;662589478;fanta.kourouma820@hotmail.com;Quartier Dixinn;AB-;Terminale SE
Diakité;Adama;F;16/03/2013;Beyla;662827117;adama.diakite245@yahoo.fr;Quartier Tombolia;A+;2eme annee
Sano;Néné;F;15/06/2012;Coyah;657100205;nene.sano466@outlook.com;Quartier Simbaya;O+;3ème Année
Sylla;Nassa;F;26/12/2011;Gueckedou;628164401;nassa.sylla543@yahoo.fr;Quartier Enco 5;O+;4eme Annee
Kanté;Sanoussy;M;16/04/2010;Dabola;621394394;sanoussy.kante735@yahoo.fr;Quartier Madina;A-;4eme Annee
Diallo;Cellou;M;17/01/2010;Kamsar;661545554;cellou.diallo681@hotmail.com;Quartier Kobaya;B+;4eme Annee
Sylla;Elhadj;M;05/07/2011;N'Zérékoré;624240800;;Quartier Kagbelen;O+;4eme Annee
Kouyaté;Bineta;F;10/09/2012;Télimélé;621995735;bineta.kouyate336@yahoo.fr;Quartier Cimenterie;AB+;3ème Année
Kaba;Tibou;M;06/04/2012;Mali;657120053;tibou.kaba342@yahoo.fr;Quartier Sonfonia;O+;3ème Année
Kourouma;Fassou;M;12/02/2009;Dinguiraye;657275915;fassou.kourouma800@hotmail.com;Quartier Gbessia;AB+;Terminale SE
Sano;Fatoumata;F;12/06/2011;Dinguiraye;622895284;fatoumata.sano505@gmail.com;Quartier Bambeto;AB-;4eme Annee
Diaby;Younoussa;M;13/02/2011;Kissidougou;657678870;younoussa.diaby316@outlook.com;Quartier Gbessia;AB-;3ème Année
Sano;Bangaly;M;20/07/2009;Faranah;626293007;;Quartier Enco 5;A-;Terminale SE
Bah;Moussa;M;15/11/2012;Yomou;658209159;moussa.bah464@yahoo.fr;Quartier Tombolia;AB+;3ème Année
Sylla;Sanoussy;M;12/05/2009;Macenta;658141956;sanoussy.sylla915@hotmail.com;Quartier Cosa;A-;Terminale SE
Sylla;Aissatou;F;17/08/2013;Coyah;624735710;aissatou.sylla173@yahoo.fr;Quartier Cimenterie;B-;2eme annee
Sow;Adama;F;24/06/2012;Coyah;628971733;adama.sow456@yahoo.fr;Quartier Ratoma;A+;3ème Année
Diakité;Saliou;M;18/07/2011;Mali;662605904;saliou.diakite411@hotmail.com;Quartier Hamdallaye;B+;3ème Année
Diallo;Elhadj;M;26/08/2012;Dubréka;664106918;elhadj.diallo399@yahoo.fr;Quartier Yimbaya;A+;3ème Année
Sylla;Fodé;M;27/02/2010;Boké;620602811;fode.sylla614@outlook.com;Quartier Kaloum;AB-;4eme Annee
Bangoura;Elhadj;M;27/07/2009;Gueckedou;620594932;elhadj.bangoura767@yahoo.fr;Quartier Kipé;A-;Terminale SE
Barry;Fatou;F;14/11/2011;Boké;622243885;fatou.barry537@hotmail.com;Quartier Yimbaya;AB+;4eme Annee
Konaté;Aicha;F;23/09/2013;Faranah;624214532;aicha.konate182@yahoo.fr;Quartier Cosa;O+;2eme annee
Diakité;Rougui;F;08/10/2013;Yomou;627414546;rougui.diakite217@gmail.com;Quartier Kagbelen;O+;2eme annee
Barry;Djénabou;F;28/08/2008;Kankan;657329212;djenabou.barry761@hotmail.com;Quartier Enco 5;A+;Terminale SE
Bangoura;Thierno;M;25/12/2011;Gaoual;628868538;thierno.bangoura272@gmail.com;Quartier Cimenterie;AB+;3ème Année
Camara;Elhadj;M;21/07/2011;Kissidougou;625698717;elhadj.camara514@yahoo.fr;Quartier Simbaya;O-;4eme Annee
Fofana;Younoussa;M;14/10/2013;N'Zérékoré;663751194;;Quartier Dixinn;A-;2eme annee
Camara;Amadou;M;28/09/2010;Coyah;622636648;amadou.camara601@hotmail.com;Quartier Cimenterie;O+;4eme Annee
Touré;Fatoumata;F;23/01/2012;Gaoual;661904812;fatoumata.toure354@yahoo.fr;Quartier Kobaya;B-;3ème Année
Diallo;Sira;F;06/07/2009;Kamsar;624662511;sira.diallo775@gmail.com;Quartier Kipé;A-;Terminale SE
Condé;Adama;F;18/11/2013;Siguiri;657892313;adama.conde221@gmail.com;Quartier Gbessia;B-;2eme annee
Kaba;Ibrahima;M;17/08/2011;Gueckedou;664811634;ibrahima.kaba690@hotmail.com;Quartier Cosa;O+;4eme Annee
Konaté;Nassa;F;16/03/2011;Kankan;655685472;nassa.konate454@outlook.com;Quartier Yimbaya;A-;3ème Année
Cissé;Binta;F;09/07/2013;Tougué;658364525;binta.cisse52@hotmail.com;Quartier Madina;O+;2eme annee
Diakité;Sanoussy;M;11/03/2011;Fria;660699198;sanoussy.diakite473@hotmail.com;Quartier Hamdallaye;O-;3ème Année
Traoré;Abdoulaye;M;01/07/2009;Kamsar;625948340;abdoulaye.traore953@yahoo.fr;Quartier Nongo;A-;Terminale SE
Diaby;Saliou;M;20/08/2012;N'Zérékoré;659345369;saliou.diaby135@outlook.com;Quartier Wanindara;A-;2eme annee
Diaby;Kesso;F;28/12/2011;Fria;656627262;;Quartier Kobaya;B+;3ème Année
Kanté;Thierno;M;24/01/2011;Koundara;623333159;;Quartier Kaloum;A-;4eme Annee
Kouyaté;Fassou;M;21/06/2013;Yomou;660667296;;Quartier Ratoma;A-;2eme annee
Camara;Djénabou;F;13/06/2012;Faranah;622321231;djenabou.camara8@outlook.com;Quartier Sonfonia;AB-;2eme annee
Camara;Amadou;M;19/07/2011;Mali;655670977;amadou.camara529@yahoo.fr;Quartier Kobaya;O-;4eme Annee
Baldé;Salamatou;F;25/11/2013;Pita;624758765;;Quartier Kagbelen;O+;2eme annee
Touré;Néné;F;28/02/2012;Koundara;659196126;nene.toure102@gmail.com;Quartier Matoto;B-;2eme annee
Diakité;Yaya;M;01/11/2011;Kankan;656612530;yaya.diakite324@yahoo.fr;Quartier Wanindara;B-;3ème Année
Soumah;Ousmane;M;14/11/2012;Dinguiraye;659179184;ousmane.soumah254@gmail.com;Quartier Kipé;B+;3ème Année
Kanté;Alhassane;M;05/12/2012;Gaoual;623884140;alhassane.kante412@yahoo.fr;Quartier Dixinn;A-;3ème Année
Cissé;Alpha;M;04/06/2013;Tougué;657639593;alpha.cisse76@gmail.com;Quartier Kobaya;AB-;2eme annee
Keita;Fatou;F;05/11/2012;Boké;661979249;fatou.keita439@gmail.com;Quartier Kobaya;B-;3ème Année
Kouyaté;Abdoulaye;M;16/10/2008;Dabola;628510191;abdoulaye.kouyate999@gmail.com;Quartier Yimbaya;AB+;Terminale SE
Sano;Djénabou;F;03/04/2012;Faranah;656345386;;Quartier Sonfonia;B-;3ème Année
Kourouma;Sékou;M;01/03/2012;Kindia;627598216;sekou.kourouma42@gmail.com;Quartier Yimbaya;AB+;2eme annee
Condé;Younoussa;M;03/02/2008;Dabola;621672549;younoussa.conde765@yahoo.fr;Quartier Kobaya;B-;Terminale SE
Traoré;Alhassane;M;24/06/2011;Fria;662958835;alhassane.traore458@hotmail.com;Quartier Tombolia;A+;3ème Année
Kouyaté;Facinet;M;19/07/2012;N'Zérékoré;620725905;facinet.kouyate175@yahoo.fr;Quartier Matoto;AB-;2eme annee
Diallo;Amadou;M;11/01/2012;N'Zérékoré;661517568;amadou.diallo147@hotmail.com;Quartier Hamdallaye;O+;2eme annee
Diakité;Djénabou;F;06/03/2012;Koundara;664948343;djenabou.diakite134@hotmail.com;Quartier Matoto;AB+;2eme annee
Camara;Alseny;M;06/11/2011;Faranah;664347600;alseny.camara644@gmail.com;Quartier Kaloum;A-;4eme Annee
Konaté;Mamadou;M;05/11/2012;Faranah;624174878;;Quartier Bambeto;B+;2eme annee
Camara;Fatoumata;F;10/05/2011;Coyah;661725339;fatoumata.camara341@hotmail.com;Quartier Kobaya;A+;3ème Année
Diallo;Sanoussy;M;27/02/2011;Tougué;660593975;sanoussy.diallo654@outlook.com;Quartier Lambanyi;O-;4eme Annee
Touré;Nassa;F;14/06/2010;Macenta;662873624;nassa.toure655@gmail.com;Quartier Matoto;A+;4eme Annee
Sylla;Ibrahima;M;22/04/2011;Dabola;624894541;ibrahima.sylla477@gmail.com;Quartier Dixinn;O+;3ème Année
Keita;Ousmane;M;25/08/2011;Kamsar;663807814;ousmane.keita632@hotmail.com;Quartier Wanindara;A+;4eme Annee
Fofana;Kesso;F;21/05/2009;Beyla;659485166;;Quartier Dixinn;O-;Terminale SE
Sylla;Fassou;M;11/03/2008;Lola;622274740;fassou.sylla975@hotmail.com;Quartier Kaloum;O+;Terminale SE
Barry;Ibrahima;M;05/07/2012;Télimélé;626773870;ibrahima.barry292@yahoo.fr;Quartier Kagbelen;O+;3ème Année
Sylla;Djibril;M;26/11/2012;Gaoual;656111691;djibril.sylla385@yahoo.fr;Quartier Dixinn;O+;3ème Année
Touré;Mariame;F;16/05/2011;Macenta;655483699;mariame.toure428@hotmail.com;Quartier Sonfonia;AB+;3ème Année
Konaté;Abdoulaye;M;27/01/2011;Koundara;629975126;abdoulaye.konate606@hotmail.com;Quartier Tombolia;AB-;4eme Annee
Camara;Facinet;M;25/12/2010;Lola;662182361;facinet.camara524@hotmail.com;Quartier Enco 5;A+;4eme Annee
Traoré;Bineta;F;15/06/2011;Dubréka;624373342;bineta.traore657@outlook.com;Quartier Bambeto;A-;4eme Annee
Sylla;Rougui;F;03/04/2008;Conakry;658129301;rougui.sylla787@outlook.com;Quartier Sonfonia;O-;Terminale SE
Bah;Fassou;M;28/01/2012;Beyla;663708502;fassou.bah335@gmail.com;Quartier Wanindara;A-;3ème Année
Kourouma;Kesso;F;06/08/2011;Labé;663693297;kesso.kourouma395@yahoo.fr;Quartier Wanindara;B-;3ème Année
Fofana;Tibou;M;19/12/2012;Forécariah;659534098;tibou.fofana436@gmail.com;Quartier Kaloum;A-;3ème Année
Touré;Lansana;M;14/12/2009;Kankan;655149866;lansana.toure871@gmail.com;Quartier Matoto;B-;Terminale SE
Kourouma;Bineta;F;25/12/2009;Koundara;627486326;bineta.kourouma817@hotmail.com;Quartier Gbessia;AB+;Terminale SE
Bangoura;Elhadj;M;02/05/2012;N'Zérékoré;622463188;elhadj.bangoura181@outlook.com;Quartier Wanindara;A-;2eme annee
Kanté;Moussa;M;06/04/2011;Dinguiraye;623200195;;Quartier Wanindara;O+;3ème Année
Bah;Djénabou;F;20/08/2011;Macenta;621921945;djenabou.bah406@gmail.com;Quartier Ratoma;AB-;3ème Année
Traoré;Yaya;M;15/07/2009;Coyah;658528818;yaya.traore763@hotmail.com;Quartier Cimenterie;B+;Terminale SE
Camara;Sira;F;18/01/2011;Conakry;625207241;sira.camara446@yahoo.fr;Quartier Yimbaya;O+;3ème Année
Traoré;Alpha;M;18/04/2010;Faranah;664759172;alpha.traore502@yahoo.fr;Quartier Matoto;A+;4eme Annee
Sylla;Djénabou;F;25/03/2012;Beyla;660586490;djenabou.sylla124@hotmail.com;Quartier Kobaya;B-;2eme annee
Keita;Yaya;M;17/07/2009;Yomou;627420012;yaya.keita853@gmail.com;Quartier Bambeto;AB+;Terminale SE
Baldé;Mabinty;F;21/12/2008;Conakry;656861221;mabinty.balde833@gmail.com;Quartier Kobaya;A+;Terminale SE
Condé;Oumou;F;13/11/2009;Kamsar;661243960;oumou.conde888@gmail.com;Quartier Simbaya;O-;Terminale SE
Sylla;Saliou;M;06/06/2008;Beyla;655992919;saliou.sylla792@gmail.com;Quartier Cimenterie;O+;Terminale SE
Kourouma;Tibou;M;11/04/2010;Dubréka;661425434;tibou.kourouma517@yahoo.fr;Quartier Dixinn;A+;4eme Annee
Sano;Aicha;F;14/12/2011;Forécariah;623867543;;Quartier Nongo;B+;4eme Annee
Keita;Mariam;F;10/06/2012;Coyah;662649787;mariam.keita186@yahoo.fr;Quartier Gbessia;AB-;2eme annee
Doumbouya;Cellou;M;22/11/2011;Dubréka;623491330;cellou.doumbouya609@gmail.com;Quartier Hamdallaye;A+;4eme Annee
Bangoura;Souleymane;M;14/03/2011;Beyla;663365953;souleymane.bangoura410@hotmail.com;Quartier Enco 5;B-;3ème Année
Kourouma;Néné;F;07/04/2013;Gueckedou;656151021;;Quartier Wanindara;AB-;2eme annee
Fofana;Ousmane;M;15/08/2012;Beyla;629935012;ousmane.fofana125@gmail.com;Quartier Nongo;O-;2eme annee
Kanté;Yaya;M;02/03/2011;Lola;657567262;yaya.kante472@gmail.com;Quartier Cosa;AB+;3ème Année
Diallo;Sira;F;25/07/2008;Yomou;658319765;sira.diallo769@gmail.com;Quartier Nongo;A+;Terminale SE
Diaby;Saliou;M;24/10/2013;Pita;624535037;saliou.diaby100@hotmail.com;Quartier Simbaya;AB+;2eme annee
Barry;Fodé;M;03/07/2012;Kankan;659466566;fode.barry138@hotmail.com;Quartier Matoto;AB+;2eme annee
Barry;Mamadou;M;04/12/2008;Dinguiraye;658309160;mamadou.barry922@gmail.com;Quartier Cimenterie;B-;Terminale SE
Baldé;Binta;F;28/12/2011;Labé;621520515;binta.balde659@outlook.com;Quartier Kaloum;O-;4eme Annee
Soumah;Salamatou;F;01/01/2009;Mamou;626397901;salamatou.soumah754@outlook.com;Quartier Matam;B-;Terminale SE
Cissé;Cellou;M;19/08/2011;Lola;661982804;cellou.cisse593@hotmail.com;Quartier Bambeto;A+;4eme Annee
Kouyaté;Fanta;F;14/02/2009;Dubréka;662619640;fanta.kouyate864@yahoo.fr;Quartier Cimenterie;AB+;Terminale SE
Sylla;Yaya;F;07/04/2008;Kissidougou;657828082;yaya.sylla757@hotmail.com;Quartier Kagbelen;A-;Terminale SE
Kouyaté;Néné;F;28/11/2012;Lola;656213132;;Quartier Kagbelen;AB+;3ème Année
Traoré;Mariame;F;14/09/2008;Dinguiraye;629986142;mariame.traore933@hotmail.com;Quartier Kagbelen;B+;Terminale SE
Camara;Aboubacar;M;25/01/2008;Koundara;621238599;aboubacar.camara889@gmail.com;Quartier Hamdallaye;A+;Terminale SE
Sow;Rougui;F;16/04/2008;Labé;661215593;rougui.sow811@yahoo.fr;Quartier Matam;A-;Terminale SE
Kouyaté;Saran;F;03/08/2011;Kankan;664228216;saran.kouyate648@outlook.com;Quartier Cimenterie;AB+;4eme Annee
Diallo;Lansana;M;15/05/2012;Labé;663237509;lansana.diallo429@yahoo.fr;Quartier Dixinn;B+;3ème Année
Barry;Souleymane;M;26/09/2008;Tougué;624124835;souleymane.barry913@hotmail.com;Quartier Wanindara;O+;Terminale SE
Camara;Mohamed;M;01/01/2013;Forécariah;628661762;mohamed.camara215@gmail.com;Quartier Gbessia;AB+;2eme annee
Sidibé;Sanoussy;M;13/01/2010;Mamou;629428961;sanoussy.sidibe656@gmail.com;Quartier Matam;A-;4eme Annee
Barry;Alpha;M;07/12/2011;Boké;621302472;;Quartier Enco 5;A-;4eme Annee
Barry;Mabinty;F;08/01/2011;Kindia;659153015;mabinty.barry323@yahoo.fr;Quartier Hamdallaye;B-;3ème Année
Touré;Aissatou;F;19/11/2008;Mali;621201546;aissatou.toure814@gmail.com;Quartier Kipé;B+;Terminale SE
Cissé;Yaya;M;21/08/2008;Conakry;622615524;;Quartier Sonfonia;O+;Terminale SE
Sidibé;Oumou;F;02/02/2011;Forécariah;655586041;oumou.sidibe679@yahoo.fr;Quartier Wanindara;O-;4eme Annee
Diaby;Aminata;F;24/02/2012;Forécariah;626494468;aminata.diaby115@outlook.com;Quartier Matam;B-;2eme annee
Sow;Kesso;F;28/10/2012;Lola;624269999;kesso.sow499@yahoo.fr;Quartier Matoto;AB+;3ème Année
Baldé;Saliou;M;06/12/2013;Lola;622397571;saliou.balde41@outlook.com;Quartier Ratoma;A-;2eme annee
Sow;Fassou;M;04/05/2011;Dubréka;624876909;fassou.sow333@yahoo.fr;Quartier Kobaya;B-;3ème Année
Baldé;Souleymane;M;25/04/2011;Kamsar;655338846;;Quartier Lambanyi;A-;4eme Annee
Barry;Adama;F;12/07/2012;Yomou;622667451;adama.barry196@gmail.com;Quartier Wanindara;O+;2eme annee
Touré;Hadja;F;12/08/2008;Labé;626849115;;Quartier Kobaya;A-;Terminale SE
Fofana;Kadija;F;03/11/2011;Labé;625870786;kadija.fofana372@hotmail.com;Quartier Matoto;AB+;3ème Année
Cissé;Ousmane;M;16/02/2011;Siguiri;625428638;ousmane.cisse337@gmail.com;Quartier Yimbaya;B+;3ème Année
Camara;Hawa;F;04/10/2008;Labé;629230182;hawa.camara784@hotmail.com;Quartier Matam;O-;Terminale SE
Kourouma;Assiatou;F;01/01/2012;Boké;663838927;assiatou.kourouma299@gmail.com;Quartier Gbessia;B-;3ème Année
Kourouma;Aissatou;F;18/08/2012;Kindia;661464158;aissatou.kourouma426@yahoo.fr;Quartier Yimbaya;O-;3ème Année
Kouyaté;Mamadou;M;19/12/2012;Dubréka;622635167;mamadou.kouyate194@gmail.com;Quartier Yimbaya;A+;2eme annee
Condé;Hawa;F;08/09/2008;N'Zérékoré;621770685;;Quartier Hamdallaye;A+;Terminale SE
Doumbouya;Facinet;M;23/07/2012;Mamou;658626195;facinet.doumbouya177@hotmail.com;Quartier Matoto;A+;2eme annee
Kourouma;Fodé;M;14/03/2011;Macenta;661413433;fode.kourouma365@outlook.com;Quartier Tombolia;A-;3ème Année
Traoré;Djénabou;F;17/01/2011;Dubréka;620447848;djenabou.traore298@yahoo.fr;Quartier Kaloum;B-;3ème Année
Soumah;Aminata;F;21/03/2011;Forécariah;621700067;;Quartier Matam;B+;3ème Année
Doumbouya;Bineta;F;03/08/2011;Kankan;657193670;bineta.doumbouya261@gmail.com;Quartier Dixinn;B-;3ème Année
Bah;Elhadj;M;27/09/2011;Yomou;658777968;elhadj.bah380@gmail.com;Quartier Kobaya;A+;3ème Année
Camara;Alhassane;M;11/12/2008;Siguiri;627315815;alhassane.camara796@yahoo.fr;Quartier Kobaya;A-;Terminale SE
Doumbouya;Fatou;F;03/10/2008;Kindia;624492716;fatou.doumbouya794@yahoo.fr;Quartier Kaloum;AB+;Terminale SE
Diaby;Abdoulaye;M;21/05/2012;Labé;623237962;abdoulaye.diaby500@gmail.com;Quartier Simbaya;B+;3ème Année
Sylla;Saran;F;06/03/2013;Siguiri;627462831;saran.sylla161@outlook.com;Quartier Ratoma;B+;2eme annee
Kouyaté;Fatou;F;22/06/2008;Koundara;655114875;fatou.kouyate928@hotmail.com;Quartier Kaloum;AB-;Terminale SE
Touré;Karim;M;05/11/2009;Kamsar;663611976;;Quartier Bambeto;AB+;Terminale SE
Fofana;Thierno;M;15/05/2011;Coyah;628337232;thierno.fofana312@gmail.com;Quartier Kaloum;O-;3ème Année
Camara;Adama;F;22/10/2013;Dinguiraye;657849747;adama.camara55@yahoo.fr;Quartier Dixinn;B+;2eme annee
Diallo;Sékou;M;03/10/2012;Fria;660955662;;Quartier Tombolia;A+;2eme annee
Diallo;Bangaly;M;09/12/2011;Beyla;622273659;bangaly.diallo718@outlook.com;Quartier Tombolia;O-;4eme Annee
Diakité;Mohamed;M;08/08/2008;Fria;628781516;mohamed.diakite790@gmail.com;Quartier Ratoma;A-;Terminale SE
Kaba;Thierno;M;26/06/2013;Forécariah;628940064;;Quartier Lambanyi;O-;2eme annee
Camara;Djénabou;F;09/03/2009;Conakry;660794037;djenabou.camara969@outlook.com;Quartier Hamdallaye;O-;Terminale SE
Keita;Fatoumata;F;15/09/2011;Kindia;624130401;fatoumata.keita522@gmail.com;Quartier Dixinn;AB+;4eme Annee
Sano;Djénabou;F;28/04/2011;Macenta;664111121;djenabou.sano745@hotmail.com;Quartier Lambanyi;O-;4eme Annee
Barry;Aly;M;14/06/2011;Conakry;662347085;aly.barry572@gmail.com;Quartier Simbaya;B-;4eme Annee
Traoré;Ousmane;M;13/01/2012;Siguiri;627151685;ousmane.traore319@outlook.com;Quartier Nongo;O+;3ème Année
Sano;Kadija;F;19/10/2011;Boké;661207932;kadija.sano527@gmail.com;Quartier Cimenterie;O-;4eme Annee
Sidibé;Ousmane;M;02/04/2009;Kamsar;627515912;ousmane.sidibe835@yahoo.fr;Quartier Kagbelen;AB+;Terminale SE
Konaté;Bakary;M;26/09/2013;Lola;626898867;bakary.konate192@gmail.com;Quartier Gbessia;AB-;2eme annee
Bangoura;Djénabou;F;28/12/2011;N'Zérékoré;658926372;djenabou.bangoura334@outlook.com;Quartier Hamdallaye;B+;3ème Année
Kaba;Kadiatou;F;02/02/2011;Gueckedou;657789880;kadiatou.kaba460@outlook.com;Quartier Matoto;B-;3ème Année
Diallo;Alseny;M;13/10/2011;Mali;627754911;alseny.diallo639@gmail.com;Quartier Enco 5;O-;4eme Annee
Kourouma;Lansana;M;12/09/2013;Tougué;624308727;lansana.kourouma172@hotmail.com;Quartier Gbessia;O+;2eme annee
Cissé;Djibril;M;13/07/2011;Télimélé;662321476;djibril.cisse535@hotmail.com;Quartier Kaloum;A-;4eme Annee
Soumah;Binta;F;18/04/2009;Fria;657397391;binta.soumah955@yahoo.fr;Quartier Dixinn;B+;Terminale SE
Traoré;Amadou;M;11/11/2011;Beyla;628889256;amadou.traore730@outlook.com;Quartier Cosa;B-;4eme Annee
Soumah;Younoussa;M;25/04/2013;Labé;660639728;younoussa.soumah168@outlook.com;Quartier Wanindara;O+;2eme annee
Barry;Mohamed;M;21/03/2011;Beyla;620139673;mohamed.barry558@outlook.com;Quartier Kaloum;B-;4eme Annee
Barry;Hadja;F;28/03/2008;Macenta;625105582;hadja.barry840@outlook.com;Quartier Dixinn;O+;Terminale SE
Kouyaté;Fatou;F;24/10/2012;Tougué;655239890;;Quartier Tombolia;B-;2eme annee
Kourouma;Fatoumata;F;11/09/2011;Tougué;625124559;;Quartier Tombolia;B+;4eme Annee
Kourouma;Yaya;F;07/04/2012;Gaoual;663598598;yaya.kourouma219@gmail.com;Quartier Kobaya;B+;2eme annee
Baldé;Bineta;F;27/07/2009;Yomou;660266494;bineta.balde776@outlook.com;Quartier Enco 5;A-;Terminale SE
Traoré;Néné;F;10/03/2011;Macenta;664201013;nene.traore629@hotmail.com;Quartier Yimbaya;A-;4eme Annee
Sidibé;Sira;F;11/06/2008;Tougué;628253437;sira.sidibe848@yahoo.fr;Quartier Hamdallaye;O+;Terminale SE
Kanté;Elhadj;M;18/07/2008;Koundara;662921532;elhadj.kante839@hotmail.com;Quartier Ratoma;O-;Terminale SE
Diakité;Alpha;M;18/02/2012;Labé;660429119;alpha.diakite422@outlook.com;Quartier Matam;A-;3ème Année
Traoré;Lansana;M;19/08/2012;Gaoual;628614646;lansana.traore425@outlook.com;Quartier Kipé;A-;3ème Année
Sylla;Salamatou;F;20/06/2013;Kankan;627240057;salamatou.sylla191@hotmail.com;Quartier Simbaya;B-;2eme annee
Traoré;Sékou;M;17/12/2008;Labé;627394795;sekou.traore867@outlook.com;Quartier Cosa;AB+;Terminale SE
Barry;Amadou;M;06/07/2009;Lola;629705282;amadou.barry968@yahoo.fr;Quartier Yimbaya;O-;Terminale SE
Kourouma;Sanoussy;M;11/10/2012;Conakry;625378258;;Quartier Lambanyi;O-;2eme annee
Doumbouya;Djénabou;F;03/09/2013;Dinguiraye;629882033;djenabou.doumbouya122@outlook.com;Quartier Matam;O-;2eme annee
Doumbouya;Kadiatou;F;22/03/2010;N'Zérékoré;664793029;kadiatou.doumbouya504@yahoo.fr;Quartier Yimbaya;B-;4eme Annee
Keita;Tibou;M;25/07/2011;Koundara;624772741;tibou.keita262@yahoo.fr;Quartier Ratoma;O+;3ème Année
Camara;Souleymane;M;28/06/2013;Kankan;622392477;souleymane.camara58@yahoo.fr;Quartier Yimbaya;AB+;2eme annee
Barry;Ousmane;M;09/07/2012;Télimélé;629607753;ousmane.barry228@outlook.com;Quartier Hamdallaye;A-;2eme annee
Baldé;Mariam;F;05/02/2012;Gueckedou;627644676;mariam.balde260@gmail.com;Quartier Madina;B-;3ème Année
Doumbouya;Fatoumata;F;23/03/2011;Macenta;663760047;fatoumata.doumbouya523@hotmail.com;Quartier Simbaya;B-;4eme Annee
Camara;Ousmane;M;22/05/2011;Kissidougou;625775591;ousmane.camara646@hotmail.com;Quartier Madina;O+;4eme Annee
Kaba;Facinet;M;26/09/2013;Pita;628401769;;Quartier Kobaya;AB+;2eme annee
Keita;Yaya;F;18/01/2010;Siguiri;657860321;yaya.keita705@yahoo.fr;Quartier Gbessia;B+;4eme Annee
Sow;Yaya;M;04/04/2009;Yomou;624628751;;Quartier Enco 5;AB+;Terminale SE
Diallo;Amadou;M;11/12/2012;Kindia;621712554;amadou.diallo23@yahoo.fr;Quartier Matoto;O-;2eme annee
Touré;Djénabou;F;01/05/2011;Pita;623733152;djenabou.toure545@yahoo.fr;Quartier Kobaya;AB-;4eme Annee
Bah;Souleymane;M;15/01/2011;Dabola;662608768;souleymane.bah670@gmail.com;Quartier Kaloum;O-;4eme Annee
Fofana;Amadou;M;11/12/2011;Kamsar;658148759;amadou.fofana362@gmail.com;Quartier Yimbaya;AB-;3ème Année
Barry;Mariam;F;03/04/2012;Kindia;655174299;mariam.barry17@outlook.com;Quartier Kobaya;AB-;2eme annee
Bah;Kesso;F;14/06/2012;Siguiri;624359822;kesso.bah264@gmail.com;Quartier Cosa;B+;3ème Année
Bah;Ousmane;M;14/08/2011;Labé;655330533;ousmane.bah579@yahoo.fr;Quartier Kagbelen;A+;4eme Annee
Konaté;Fatou;F;07/04/2012;Pita;660389930;fatou.konate63@outlook.com;Quartier Dixinn;A-;2eme annee
Diaby;Hawa;F;03/05/2010;Dinguiraye;623970840;;Quartier Tombolia;B+;4eme Annee
Barry;Sira;F;08/12/2010;Yomou;658178056;sira.barry740@yahoo.fr;Quartier Matam;B-;4eme Annee
Camara;Thierno;M;27/12/2012;Yomou;622398916;;Quartier Matoto;A+;3ème Année
Sylla;Alseny;M;10/01/2011;Mali;659500560;alseny.sylla549@gmail.com;Quartier Dixinn;B-;4eme Annee
Barry;Fodé;M;17/02/2010;Tougué;629123572;fode.barry519@outlook.com;Quartier Kagbelen;A-;4eme Annee
Sylla;Fatoumata;F;12/10/2011;Dabola;625996677;fatoumata.sylla619@yahoo.fr;Quartier Gbessia;O-;4eme Annee
Keita;Abdoulaye;M;13/12/2010;Forécariah;627210338;abdoulaye.keita709@yahoo.fr;Quartier Nongo;AB-;4eme Annee
Kourouma;Oumou;F;06/10/2009;Lola;658257517;oumou.kourouma895@outlook.com;Quartier Simbaya;B+;Terminale SE
Diallo;Kadija;F;28/01/2012;Siguiri;623810032;kadija.diallo239@yahoo.fr;Quartier Gbessia;A+;2eme annee
Soumah;Cellou;M;21/02/2012;Télimélé;624584125;cellou.soumah51@outlook.com;Quartier Kipé;B-;2eme annee
Kanté;Thierno;M;15/06/2013;Kindia;656744718;thierno.kante151@outlook.com;Quartier Kagbelen;O+;2eme annee
Barry;Facinet;M;05/12/2009;Télimélé;664409220;facinet.barry883@gmail.com;Quartier Kagbelen;O+;Terminale SE
Doumbouya;Bakary;M;10/03/2010;Pita;626592034;bakary.doumbouya692@yahoo.fr;Quartier Gbessia;A-;4eme Annee
Sow;Fatou;F;28/05/2008;Télimélé;659757286;fatou.sow812@gmail.com;Quartier Kagbelen;A+;Terminale SE
Baldé;Djeinabou;F;15/07/2009;Télimélé;664883369;djeinabou.balde951@outlook.com;Quartier Simbaya;O-;Terminale SE
Kourouma;Aminata;F;27/09/2009;Pita;664432892;aminata.kourouma938@hotmail.com;Quartier Cosa;AB+;Terminale SE
Cissé;Fassou;M;27/12/2012;Pita;655433507;fassou.cisse283@yahoo.fr;Quartier Ratoma;A-;3ème Année
Diallo;Bineta;F;17/04/2012;Macenta;661297810;bineta.diallo265@outlook.com;Quartier Kagbelen;O+;3ème Année
Barry;Fatou;F;20/11/2009;Fria;625633320;fatou.barry759@outlook.com;Quartier Wanindara;AB-;Terminale SE
Touré;Djeinabou;F;26/07/2011;Kankan;620144033;djeinabou.toure452@hotmail.com;Quartier Simbaya;A+;3ème Année
Kourouma;Ousmane;M;14/07/2008;Kissidougou;660664917;ousmane.kourouma899@yahoo.fr;Quartier Kipé;O-;Terminale SE
Doumbouya;Sanoussy;M;20/11/2011;Boké;656797848;;Quartier Nongo;A-;4eme Annee
Soumah;Kadija;F;06/09/2009;Dinguiraye;658200707;;Quartier Yimbaya;B-;Terminale SE
Cissé;Lansana;M;11/08/2013;Gaoual;626831380;lansana.cisse82@hotmail.com;Quartier Cosa;AB+;2eme annee
Bah;Saran;F;04/11/2010;Gaoual;626479205;saran.bah698@outlook.com;Quartier Yimbaya;AB-;4eme Annee
Barry;Mariame;F;04/06/2012;Mali;661370211;mariame.barry419@outlook.com;Quartier Yimbaya;AB+;3ème Année
Barry;Nassa;F;05/05/2012;Dinguiraye;624875584;nassa.barry224@outlook.com;Quartier Dixinn;O-;2eme annee
Baldé;Kesso;F;15/03/2011;Gaoual;664613742;kesso.balde492@hotmail.com;Quartier Cosa;AB+;3ème Année
Diakité;Mariam;F;22/01/2011;Kindia;626379947;mariam.diakite368@yahoo.fr;Quartier Bambeto;B+;3ème Année
Sylla;Hadja;F;11/10/2013;Lola;623854717;hadja.sylla38@outlook.com;Quartier Kobaya;AB+;2eme annee
Sylla;Djénabou;F;01/05/2011;Siguiri;623419939;djenabou.sylla478@gmail.com;Quartier Cimenterie;A-;3ème Année
Soumah;Sanoussy;M;25/11/2008;Mamou;628242282;sanoussy.soumah989@yahoo.fr;Quartier Bambeto;B+;Terminale SE
Sylla;Sira;F;24/08/2009;Mali;660954222;;Quartier Enco 5;AB+;Terminale SE
Sylla;Mariame;F;26/04/2013;Dubréka;658299659;;Quartier Kobaya;AB+;2eme annee
Doumbouya;Yaya;M;16/03/2011;Kissidougou;626611559;yaya.doumbouya474@yahoo.fr;Quartier Tombolia;A-;3ème Année
Kanté;Younoussa;M;04/01/2010;Tougué;628617000;younoussa.kante608@gmail.com;Quartier Simbaya;B-;4eme Annee
Sylla;Djibril;M;21/08/2013;Mamou;629436768;djibril.sylla184@gmail.com;Quartier Ratoma;A-;2eme annee
Kouyaté;Kadija;F;01/02/2011;Yomou;624835575;;Quartier Wanindara;B-;3ème Année
Sylla;Fanta;F;22/08/2008;Boké;661403858;fanta.sylla984@yahoo.fr;Quartier Bambeto;AB-;Terminale SE
Baldé;Hawa;F;02/03/2011;Télimélé;622816308;hawa.balde315@yahoo.fr;Quartier Simbaya;B+;3ème Année
Barry;Djeinabou;F;03/12/2013;Forécariah;625141043;djeinabou.barry128@hotmail.com;Quartier Yimbaya;A+;2eme annee
Bangoura;Aminata;F;25/09/2012;Forécariah;620728038;aminata.bangoura13@gmail.com;Quartier Dixinn;B-;2eme annee
Baldé;Saliou;M;14/12/2011;Pita;664368672;;Quartier Tombolia;O+;4eme Annee
Sylla;Oumou;F;27/05/2012;Fria;663490917;;Quartier Kobaya;O+;3ème Année
Touré;Fatou;F;28/10/2011;Tougué;659970300;fatou.toure371@outlook.com;Quartier Enco 5;A-;3ème Année
Touré;Salamatou;F;13/10/2008;Fria;623236823;salamatou.toure874@gmail.com;Quartier Matoto;A-;Terminale SE
Camara;Bangaly;M;10/05/2012;Mamou;658923927;bangaly.camara40@outlook.com;Quartier Yimbaya;AB-;2eme annee
Soumah;Aly;M;13/04/2011;Dinguiraye;624213844;;Quartier Gbessia;AB+;3ème Année
Kourouma;Mamadou;M;07/08/2011;Macenta;626915749;mamadou.kourouma346@yahoo.fr;Quartier Nongo;AB+;3ème Année
Kaba;Assiatou;F;24/06/2011;Fria;627463656;assiatou.kaba303@yahoo.fr;Quartier Kagbelen;O-;3ème Année
Barry;Binta;F;20/04/2011;Dinguiraye;625776838;binta.barry556@yahoo.fr;Quartier Tombolia;AB+;4eme Annee
Sylla;Alpha;M;07/01/2010;Kamsar;620829842;alpha.sylla686@gmail.com;Quartier Sonfonia;AB-;4eme Annee
Diallo;Sanoussy;M;12/06/2013;Télimélé;624356059;sanoussy.diallo88@yahoo.fr;Quartier Matam;A+;2eme annee
Sylla;Aissatou;F;14/09/2011;Yomou;656580728;aissatou.sylla281@gmail.com;Quartier Enco 5;O-;3ème Année
Camara;Kadiatou;F;05/04/2011;Mamou;657490321;kadiatou.camara288@gmail.com;Quartier Enco 5;B+;3ème Année
Condé;Salamatou;F;28/11/2011;Mali;662300188;;Quartier Yimbaya;A+;4eme Annee
Soumah;Saliou;M;25/08/2013;N'Zérékoré;657627335;saliou.soumah136@yahoo.fr;Quartier Sonfonia;A+;2eme annee
Sylla;Tibou;M;02/12/2010;Coyah;659982478;tibou.sylla697@gmail.com;Quartier Simbaya;O-;4eme Annee
Konaté;Mabinty;F;16/09/2012;Macenta;624828834;mabinty.konate479@gmail.com;Quartier Kipé;O+;3ème Année
Diaby;Hadja;F;15/08/2012;Coyah;656912402;hadja.diaby391@gmail.com;Quartier Matam;O-;3ème Année
Touré;Mamadou;M;05/04/2013;Kamsar;621404309;mamadou.toure167@hotmail.com;Quartier Cosa;A+;2eme annee
Diallo;Néné;F;18/06/2012;Lola;625899776;nene.diallo267@gmail.com;Quartier Madina;O-;3ème Année
Keita;Bangaly;M;19/10/2011;Coyah;626315651;bangaly.keita532@outlook.com;Quartier Bambeto;B+;4eme Annee
Traoré;Djibril;M;03/02/2012;Labé;655339303;djibril.traore435@outlook.com;Quartier Hamdallaye;AB+;3ème Année
Touré;Fatoumata;F;22/06/2012;Gueckedou;622217996;fatoumata.toure475@hotmail.com;Quartier Nongo;B-;3ème Année
Touré;Bangaly;M;12/05/2009;Coyah;620967958;bangaly.toure979@outlook.com;Quartier Gbessia;AB-;Terminale SE
Touré;Djénabou;F;19/10/2008;Kindia;663928611;djenabou.toure911@gmail.com;Quartier Cimenterie;O-;Terminale SE
Diakité;Djibril;M;21/10/2012;Koundara;622641760;djibril.diakite398@yahoo.fr;Quartier Gbessia;AB+;3ème Année
Bah;Fanta;F;10/12/2009;Faranah;655890303;fanta.bah959@gmail.com;Quartier Tombolia;B-;Terminale SE
Bangoura;Oumou;F;02/12/2013;N'Zérékoré;664427626;oumou.bangoura112@yahoo.fr;Quartier Kaloum;AB-;2eme annee
Kanté;Tibou;M;19/06/2011;Pita;659894143;tibou.kante683@outlook.com;Quartier Cimenterie;A+;4eme Annee
Kanté;Aminata;F;03/07/2011;Fria;621545526;aminata.kante710@hotmail.com;Quartier Sonfonia;AB-;4eme Annee
Sow;Tibou;M;15/02/2009;Lola;659269695;;Quartier Lambanyi;O+;Terminale SE
Bah;Moussa;M;01/01/2011;Gaoual;624795578;moussa.bah350@outlook.com;Quartier Nongo;AB-;3ème Année
Kouyaté;Amadou;M;16/09/2013;Faranah;621196781;amadou.kouyate29@outlook.com;Quartier Matoto;O+;2eme annee
Doumbouya;Kadiatou;F;11/02/2012;Macenta;664724540;kadiatou.doumbouya222@outlook.com;Quartier Madina;B+;2eme annee
Konaté;Salamatou;F;03/05/2011;N'Zérékoré;622636141;salamatou.konate269@yahoo.fr;Quartier Tombolia;B-;3ème Année
Kouyaté;Souleymane;M;17/11/2011;Faranah;664735053;souleymane.kouyate345@hotmail.com;Quartier Dixinn;O-;3ème Année
Sano;Fatou;F;22/05/2009;Kindia;628186993;fatou.sano943@gmail.com;Quartier Kagbelen;O-;Terminale SE
Bangoura;Souleymane;M;14/09/2009;Forécariah;655218887;souleymane.bangoura932@hotmail.com;Quartier Lambanyi;B-;Terminale SE
Doumbouya;Assiatou;F;04/03/2010;Labé;626387883;assiatou.doumbouya649@outlook.com;Quartier Enco 5;O+;4eme Annee
Doumbouya;Yaya;F;24/03/2012;Siguiri;658941204;yaya.doumbouya33@yahoo.fr;Quartier Hamdallaye;A+;2eme annee
Bangoura;Lansana;M;02/06/2011;Lola;627359642;lansana.bangoura635@outlook.com;Quartier Enco 5;O-;4eme Annee
Kourouma;Saran;F;16/10/2008;Lola;660394169;saran.kourouma964@hotmail.com;Quartier Cosa;O-;Terminale SE
Sow;Sanoussy;M;08/12/2011;Dubréka;625938202;sanoussy.sow546@gmail.com;Quartier Cimenterie;O-;4eme Annee
Barry;Bangaly;M;18/07/2011;Fria;622664814;;Quartier Kobaya;AB-;4eme Annee
Sylla;Hawa;F;08/06/2013;Conakry;628502206;hawa.sylla189@outlook.com;Quartier Cimenterie;B+;2eme annee
Barry;Alseny;M;18/02/2010;Labé;629251030;alseny.barry722@gmail.com;Quartier Kaloum;B+;4eme Annee
Baldé;Djénabou;F;22/12/2011;Mamou;658289131;djenabou.balde662@yahoo.fr;Quartier Madina;B+;4eme Annee
Baldé;Fatou;F;06/07/2008;Macenta;627417824;fatou.balde799@hotmail.com;Quartier Kagbelen;A-;Terminale SE
Condé;Djibril;M;03/08/2013;Yomou;629345884;djibril.conde46@outlook.com;Quartier Tombolia;O-;2eme annee
Fofana;Aicha;F;09/06/2008;Mamou;663760393;aicha.fofana885@hotmail.com;Quartier Kaloum;AB-;Terminale SE
Soumah;Yaya;F;17/11/2010;Faranah;656541457;yaya.soumah747@hotmail.com;Quartier Matam;A-;4eme Annee
Camara;Fassou;M;07/09/2011;Faranah;622862760;;Quartier Madina;O+;3ème Année
Konaté;Mabinty;F;14/03/2013;Labé;628585100;mabinty.konate20@gmail.com;Quartier Yimbaya;O-;2eme annee
Kourouma;Karim;M;08/10/2010;Yomou;629302957;;Quartier Madina;AB-;4eme Annee
Kouyaté;Kadija;F;26/02/2010;Kamsar;664315378;kadija.kouyate618@yahoo.fr;Quartier Matam;B-;4eme Annee
Diallo;Djénabou;F;04/03/2008;Siguiri;658337336;djenabou.diallo961@yahoo.fr;Quartier Nongo;O+;Terminale SE
Konaté;Moussa;M;23/06/2013;Coyah;628421517;moussa.konate62@gmail.com;Quartier Sonfonia;B-;2eme annee
Diaby;Sékou;M;04/07/2012;Tougué;623565230;sekou.diaby87@outlook.com;Quartier Madina;O+;2eme annee
Diallo;Thierno;M;07/06/2011;Mamou;658831063;thierno.diallo308@outlook.com;Quartier Kobaya;B+;3ème Année
Diaby;Souleymane;M;26/08/2009;Beyla;620400699;;Quartier Matoto;O+;Terminale SE
Kanté;Kadija;F;16/11/2010;Boké;625309174;kadija.kante694@hotmail.com;Quartier Dixinn;AB+;4eme Annee
Keita;Binta;F;28/05/2012;Kamsar;622265271;binta.keita285@outlook.com;Quartier Simbaya;O+;3ème Année
Kourouma;Djénabou;F;03/07/2011;Coyah;629911102;djenabou.kourouma277@outlook.com;Quartier Ratoma;AB-;3ème Année
Condé;Néné;F;26/02/2009;Kamsar;625652049;nene.conde849@outlook.com;Quartier Enco 5;AB-;Terminale SE
Fofana;Adama;F;11/03/2008;Gaoual;624889614;adama.fofana963@hotmail.com;Quartier Kagbelen;AB-;Terminale SE
Diallo;Mariam;F;20/05/2011;Faranah;657468488;mariam.diallo728@yahoo.fr;Quartier Enco 5;B+;4eme Annee
Fofana;Aly;M;07/05/2013;Tougué;661219346;aly.fofana117@gmail.com;Quartier Bambeto;AB-;2eme annee
Sow;Saliou;M;11/06/2012;Kissidougou;655985893;saliou.sow465@hotmail.com;Quartier Cimenterie;A-;3ème Année
Sidibé;Karim;M;12/04/2012;Kindia;626218414;karim.sidibe451@hotmail.com;Quartier Cimenterie;O+;3ème Année
Soumah;Binta;F;01/07/2013;Yomou;626315780;binta.soumah241@gmail.com;Quartier Enco 5;O-;2eme annee
Doumbouya;Mohamed;M;14/06/2010;Gaoual;658387347;;Quartier Gbessia;AB-;4eme Annee
Sano;Aicha;F;16/12/2013;Beyla;625950916;;Quartier Yimbaya;O+;2eme annee
Diakité;Souleymane;M;13/11/2012;Télimélé;655117711;souleymane.diakite382@gmail.com;Quartier Tombolia;O+;3ème Année
Cissé;Fatoumata;F;09/03/2011;Kamsar;655146307;fatoumata.cisse667@hotmail.com;Quartier Hamdallaye;B-;4eme Annee
Sidibé;Tibou;M;06/09/2009;Faranah;656447283;tibou.sidibe982@hotmail.com;Quartier Hamdallaye;B+;Terminale SE
Kourouma;Aly;M;26/02/2010;Mamou;658453729;aly.kourouma567@hotmail.com;Quartier Cimenterie;O-;4eme Annee
Bangoura;Hadja;F;08/10/2012;Kissidougou;621981639;hadja.bangoura313@hotmail.com;Quartier Tombolia;AB-;3ème Année
Sano;Mabinty;F;25/05/2009;Tougué;656634363;mabinty.sano805@outlook.com;Quartier Matoto;AB+;Terminale SE
Konaté;Tibou;M;23/01/2010;Kissidougou;656215027;tibou.konate534@gmail.com;Quartier Cosa;AB+;4eme Annee
Sylla;Aicha;F;25/02/2013;N'Zérékoré;627415779;;Quartier Cosa;AB+;2eme annee
Sylla;Oumou;F;05/03/2008;Koundara;627279071;oumou.sylla998@yahoo.fr;Quartier Wanindara;AB-;Terminale SE
Barry;Kadija;F;09/02/2009;Fria;655131107;kadija.barry813@hotmail.com;Quartier Wanindara;O-;Terminale SE
Sow;Elhadj;M;28/07/2011;Coyah;662884417;elhadj.sow287@gmail.com;Quartier Yimbaya;O-;3ème Année
Bah;Fatoumata;F;12/11/2012;Fria;661841635;fatoumata.bah498@yahoo.fr;Quartier Kipé;AB+;3ème Année
Camara;Alseny;M;01/10/2011;Siguiri;657698059;alseny.camara637@gmail.com;Quartier Wanindara;O-;4eme Annee
Kanté;Hadja;F;14/06/2011;Dabola;661661671;;Quartier Hamdallaye;A-;3ème Année
Bangoura;Oumou;F;21/04/2010;Mamou;622458143;oumou.bangoura750@hotmail.com;Quartier Yimbaya;B-;4eme Annee
Soumah;Djeinabou;F;18/06/2012;Télimélé;656172306;djeinabou.soumah56@outlook.com;Quartier Madina;AB+;2eme annee
Kourouma;Lansana;M;08/12/2010;Kindia;628540467;lansana.kourouma739@outlook.com;Quartier Madina;AB+;4eme Annee
Soumah;Aissatou;F;04/10/2009;Télimélé;659694188;aissatou.soumah983@outlook.com;Quartier Bambeto;O-;Terminale SE
Sano;Thierno;M;25/05/2010;Kindia;657507466;thierno.sano555@gmail.com;Quartier Hamdallaye;B+;4eme Annee
Sylla;Younoussa;M;26/10/2011;Conakry;627364650;younoussa.sylla327@outlook.com;Quartier Kagbelen;B+;3ème Année
Sow;Rougui;F;19/02/2012;Lola;623339499;rougui.sow274@gmail.com;Quartier Matoto;O+;3ème Année
Soumah;Mamadou;M;03/12/2011;Boké;661887042;mamadou.soumah540@hotmail.com;Quartier Gbessia;O-;4eme Annee
Soumah;Lansana;M;05/06/2010;Conakry;622582589;lansana.soumah673@hotmail.com;Quartier Yimbaya;B+;4eme Annee
Doumbouya;Rougui;F;13/03/2008;Forécariah;658632599;rougui.doumbouya970@hotmail.com;Quartier Hamdallaye;B-;Terminale SE
Keita;Ibrahima;M;04/02/2011;Lola;621686424;;Quartier Kipé;AB+;4eme Annee
Keita;Lansana;M;17/10/2011;Dubréka;662963699;lansana.keita376@gmail.com;Quartier Dixinn;B-;3ème Année
Camara;Kadija;F;04/04/2012;Conakry;626279130;kadija.camara310@gmail.com;Quartier Wanindara;O-;3ème Année
Diakité;Nassa;F;05/12/2012;Faranah;621608876;nassa.diakite455@outlook.com;Quartier Tombolia;AB-;3ème Année
Konaté;Rougui;F;20/10/2012;Mali;655503951;;Quartier Lambanyi;AB+;2eme annee
Cissé;Bineta;F;24/10/2009;Conakry;629164891;bineta.cisse825@yahoo.fr;Quartier Kipé;AB+;Terminale SE
Kanté;Moussa;M;20/07/2011;Gaoual;655372273;moussa.kante507@outlook.com;Quartier Kaloum;AB-;4eme Annee
Konaté;Ramatoulaye;F;05/05/2013;Mamou;655341192;ramatoulaye.konate211@yahoo.fr;Quartier Wanindara;B-;2eme annee
Sidibé;Djénabou;F;23/08/2010;Faranah;623136554;;Quartier Enco 5;B+;4eme Annee
Bah;Tibou;M;22/08/2009;Dabola;628950100;tibou.bah896@gmail.com;Quartier Madina;A+;Terminale SE
Baldé;Younoussa;M;08/01/2011;Pita;620895262;younoussa.balde734@outlook.com;Quartier Sonfonia;O-;4eme Annee
Barry;Hawa;F;04/11/2011;Télimélé;662118785;;Quartier Dixinn;O+;4eme Annee
Fofana;Fodé;M;12/01/2012;Koundara;629180458;fode.fofana126@gmail.com;Quartier Simbaya;AB+;2eme annee
Fofana;Salamatou;F;02/02/2010;Kindia;657428497;salamatou.fofana743@gmail.com;Quartier Kaloum;O+;4eme Annee
Kaba;Djeinabou;F;19/06/2012;Mali;663202463;djeinabou.kaba408@outlook.com;Quartier Wanindara;A-;3ème Année
Traoré;Karim;M;17/03/2008;Pita;628227500;karim.traore947@gmail.com;Quartier Tombolia;O+;Terminale SE
Condé;Fanta;F;27/01/2011;Siguiri;661932685;fanta.conde742@gmail.com;Quartier Simbaya;AB-;4eme Annee
Kanté;Rougui;F;04/10/2012;Siguiri;629438273;;Quartier Matam;AB+;3ème Année
Kourouma;Mabinty;F;20/12/2012;Beyla;658274044;mabinty.kourouma251@yahoo.fr;Quartier Sonfonia;O+;3ème Année
Baldé;Alpha;M;27/03/2011;Labé;661962529;alpha.balde671@yahoo.fr;Quartier Enco 5;O+;4eme Annee
Bah;Mabinty;F;17/11/2010;Gueckedou;621591868;;Quartier Hamdallaye;O+;4eme Annee
Keita;Alhassane;M;18/06/2008;Koundara;627791515;alhassane.keita965@yahoo.fr;Quartier Ratoma;O-;Terminale SE
Kaba;Moussa;M;17/01/2012;Mali;625168804;moussa.kaba322@hotmail.com;Quartier Kaloum;O+;3ème Année
Camara;Aly;M;15/09/2013;Labé;660571932;aly.camara45@yahoo.fr;Quartier Kagbelen;B+;2eme annee
Sow;Ibrahima;M;13/12/2012;Dubréka;620501320;ibrahima.sow290@yahoo.fr;Quartier Nongo;A-;3ème Année
Bah;Néné;F;14/01/2009;Fria;660756075;;Quartier Kobaya;AB+;Terminale SE
Traoré;Moussa;M;14/06/2008;Dubréka;623869946;moussa.traore819@yahoo.fr;Quartier Kaloum;O+;Terminale SE
Kouyaté;Mariame;F;09/05/2013;Pita;664257677;mariame.kouyate130@yahoo.fr;Quartier Nongo;B+;2eme annee
Sylla;Ibrahima;M;25/12/2009;Kankan;664538560;ibrahima.sylla852@yahoo.fr;Quartier Yimbaya;B-;Terminale SE
Condé;Alpha;M;04/08/2012;Beyla;624622584;alpha.conde79@outlook.com;Quartier Gbessia;B+;2eme annee
Barry;Ramatoulaye;F;03/11/2009;Yomou;626617459;ramatoulaye.barry780@gmail.com;Quartier Nongo;O-;Terminale SE
Camara;Oumou;F;09/08/2011;Siguiri;629454161;oumou.camara256@yahoo.fr;Quartier Enco 5;AB-;3ème Année
Barry;Fodé;M;08/02/2013;Kankan;622454508;;Quartier Tombolia;A-;2eme annee
Barry;Hadja;F;27/03/2009;Kindia;622549350;hadja.barry926@outlook.com;Quartier Matam;A-;Terminale SE
Camara;Saliou;M;02/05/2008;Forécariah;629791176;saliou.camara842@yahoo.fr;Quartier Enco 5;AB-;Terminale SE
Sylla;Aly;M;09/06/2011;Faranah;623367747;aly.sylla550@hotmail.com;Quartier Yimbaya;A-;4eme Annee
Baldé;Moussa;M;08/12/2011;Gaoual;628316823;moussa.balde423@yahoo.fr;Quartier Simbaya;B-;3ème Année
Kanté;Elhadj;M;22/07/2012;Dubréka;624764100;elhadj.kante233@outlook.com;Quartier Kobaya;A+;2eme annee
Diakité;Néné;F;09/09/2013;Kissidougou;620813328;nene.diakite11@outlook.com;Quartier Kagbelen;B-;2eme annee
Kourouma;Fatoumata;F;21/02/2008;Conakry;664531257;;Quartier Simbaya;O-;Terminale SE
Kourouma;Aminata;F;17/09/2013;Faranah;625369452;aminata.kourouma95@hotmail.com;Quartier Bambeto;B-;2eme annee
Bangoura;Mohamed;M;17/07/2009;Mamou;655888363;mohamed.bangoura912@outlook.com;Quartier Kaloum;O-;Terminale SE
Bah;Sira;F;04/05/2012;Labé;656827120;;Quartier Kipé;AB+;2eme annee
Baldé;Saran;F;24/04/2012;Télimélé;660682144;saran.balde60@hotmail.com;Quartier Kagbelen;AB-;2eme annee
Barry;Sira;F;09/01/2011;Tougué;657174852;sira.barry448@yahoo.fr;Quartier Sonfonia;B+;3ème Année
Doumbouya;Sanoussy;M;05/02/2011;Yomou;621985364;sanoussy.doumbouya352@hotmail.com;Quartier Enco 5;AB-;3ème Année
Camara;Aicha;F;15/05/2012;Lola;662544730;aicha.camara199@yahoo.fr;Quartier Cosa;AB-;2eme annee
Bangoura;Alhassane;M;22/09/2008;Macenta;663332932;;Quartier Madina;AB-;Terminale SE
Barry;Sékou;M;22/01/2011;Siguiri;657934883;sekou.barry377@hotmail.com;Quartier Hamdallaye;B+;3ème Année
Fofana;Néné;F;15/07/2011;Coyah;621134455;nene.fofana631@outlook.com;Quartier Matam;AB-;4eme Annee
Fofana;Aly;M;08/05/2008;Macenta;663794791;aly.fofana807@gmail.com;Quartier Dixinn;O-;Terminale SE
Diallo;Néné;F;05/04/2009;Télimélé;620746412;nene.diallo869@gmail.com;Quartier Kipé;AB+;Terminale SE
Camara;Mamadou;M;14/12/2013;Labé;624498676;mamadou.camara119@yahoo.fr;Quartier Gbessia;B-;2eme annee
Touré;Alhassane;M;09/12/2008;Lola;660803176;;Quartier Kaloum;AB-;Terminale SE
Barry;Aboubacar;M;18/08/2011;Koundara;659117215;;Quartier Matoto;B-;4eme Annee
Sidibé;Mariam;F;21/01/2009;Dabola;621946785;mariam.sidibe818@hotmail.com;Quartier Cosa;AB-;Terminale SE
Sidibé;Yaya;M;16/06/2012;Kissidougou;627943797;;Quartier Bambeto;B-;3ème Année
Sylla;Lansana;M;14/07/2013;Tougué;655811875;lansana.sylla129@outlook.com;Quartier Ratoma;B-;2eme annee
Diaby;Ibrahima;M;12/09/2010;Kamsar;664993719;ibrahima.diaby713@gmail.com;Quartier Nongo;B+;4eme Annee
Kanté;Djeinabou;F;27/12/2008;Dinguiraye;660817953;djeinabou.kante878@gmail.com;Quartier Matam;AB-;Terminale SE
Sylla;Karim;M;02/01/2012;Beyla;655208239;karim.sylla397@outlook.com;Quartier Hamdallaye;A+;3ème Année
Kaba;Aminata;F;07/10/2012;Coyah;628904150;aminata.kaba54@gmail.com;Quartier Matam;B+;2eme annee
Camara;Fodé;M;17/04/2011;Kissidougou;657870881;;Quartier Kipé;O+;3ème Année
Sidibé;Hawa;F;27/05/2010;Mali;623578344;hawa.sidibe566@gmail.com;Quartier Dixinn;O-;4eme Annee
Doumbouya;Souleymane;M;02/12/2013;Lola;623163556;souleymane.doumbouya19@outlook.com;Quartier Dixinn;A-;2eme annee
Kourouma;Aminata;F;14/07/2011;Coyah;661933206;aminata.kourouma701@gmail.com;Quartier Yimbaya;A+;4eme Annee
Sidibé;Fanta;F;19/01/2008;Gueckedou;663602790;fanta.sidibe837@gmail.com;Quartier Enco 5;A+;Terminale SE
Traoré;Kadija;F;11/04/2011;Dubréka;659444295;kadija.traore389@outlook.com;Quartier Enco 5;A+;3ème Année
Kaba;Sira;F;10/07/2010;Coyah;664871934;sira.kaba623@hotmail.com;Quartier Cosa;AB+;4eme Annee
Baldé;Djénabou;F;04/07/2009;Kankan;626211028;djenabou.balde789@yahoo.fr;Quartier Madina;AB+;Terminale SE
Kaba;Kadija;F;04/10/2009;Télimélé;625364516;kadija.kaba872@outlook.com;Quartier Cimenterie;B+;Terminale SE
Bangoura;Assiatou;F;12/04/2012;N'Zérékoré;625559469;assiatou.bangoura27@outlook.com;Quartier Simbaya;O+;2eme annee
Doumbouya;Mamadou;M;27/11/2013;Coyah;624556641;mamadou.doumbouya57@outlook.com;Quartier Simbaya;AB-;2eme annee
Diakité;Hawa;F;09/07/2012;Mali;659399105;hawa.diakite22@hotmail.com;Quartier Kaloum;A-;2eme annee
Diakité;Sanoussy;M;20/08/2012;Dubréka;663520274;sanoussy.diakite234@hotmail.com;Quartier Tombolia;O+;2eme annee
Touré;Ibrahima;M;04/02/2009;Coyah;625730645;ibrahima.toure957@hotmail.com;Quartier Cosa;O+;Terminale SE
Kanté;Alpha;M;17/03/2012;Gaoual;664591534;alpha.kante490@outlook.com;Quartier Matam;AB+;3ème Année
Sylla;Alseny;M;01/01/2012;Forécariah;624460589;alseny.sylla442@gmail.com;Quartier Wanindara;AB-;3ème Année
Kouyaté;Salamatou;F;12/06/2012;Koundara;621956255;salamatou.kouyate359@hotmail.com;Quartier Cimenterie;AB-;3ème Année
Diakité;Abdoulaye;M;18/03/2011;Kindia;663288085;abdoulaye.diakite666@hotmail.com;Quartier Cimenterie;AB-;4eme Annee
Camara;Hadja;F;20/07/2009;Pita;620555426;hadja.camara866@outlook.com;Quartier Wanindara;O-;Terminale SE
Diaby;Mohamed;M;21/08/2008;Beyla;656295617;mohamed.diaby942@yahoo.fr;Quartier Bambeto;A-;Terminale SE
Cissé;Aminata;F;10/12/2008;Coyah;625705193;;Quartier Wanindara;B+;Terminale SE
Doumbouya;Djibril;M;04/05/2008;Kamsar;622480320;djibril.doumbouya909@outlook.com;Quartier Madina;A-;Terminale SE
Camara;Djibril;M;28/08/2012;Dinguiraye;658819425;;Quartier Yimbaya;O-;2eme annee
Kanté;Nassa;F;13/08/2013;Kankan;624787926;nassa.kante43@gmail.com;Quartier Lambanyi;A-;2eme annee
Baldé;Rougui;F;26/10/2012;N'Zérékoré;664354367;rougui.balde278@hotmail.com;Quartier Sonfonia;A-;3ème Année
Keita;Saran;F;09/11/2009;N'Zérékoré;658806007;saran.keita937@hotmail.com;Quartier Matoto;O+;Terminale SE
Sylla;Karim;M;08/04/2011;Kindia;658901677;karim.sylla491@outlook.com;Quartier Lambanyi;A-;3ème Année
Diaby;Aissatou;F;21/08/2010;Conakry;660748410;;Quartier Kagbelen;A+;4eme Annee
Diaby;Sira;F;26/12/2013;Dinguiraye;657795928;sira.diaby83@yahoo.fr;Quartier Wanindara;O+;2eme annee
Sidibé;Sékou;M;04/01/2010;Pita;621970645;;Quartier Kobaya;O+;4eme Annee
Keita;Saran;F;14/08/2011;Siguiri;625207392;saran.keita613@yahoo.fr;Quartier Sonfonia;O-;4eme Annee
Kanté;Facinet;M;22/01/2011;Mamou;657709231;;Quartier Nongo;B+;3ème Année
Sow;Néné;F;15/12/2008;Dubréka;655784405;nene.sow908@hotmail.com;Quartier Matam;O+;Terminale SE
Kouyaté;Oumou;F;12/08/2011;Lola;657255875;oumou.kouyate355@gmail.com;Quartier Madina;A+;3ème Année
Soumah;Tibou;M;02/05/2012;Yomou;658101773;tibou.soumah37@yahoo.fr;Quartier Nongo;AB+;2eme annee
Kourouma;Ramatoulaye;F;27/04/2010;Yomou;663565808;;Quartier Tombolia;B-;4eme Annee
Fofana;Néné;F;05/02/2010;Dinguiraye;657828799;nene.fofana625@gmail.com;Quartier Matam;O-;4eme Annee
Bangoura;Néné;F;24/08/2010;Mamou;656382795;nene.bangoura578@yahoo.fr;Quartier Matoto;O+;4eme Annee
Sow;Elhadj;M;16/06/2009;Boké;627158589;elhadj.sow891@outlook.com;Quartier Kagbelen;O-;Terminale SE
Kanté;Kadiatou;F;17/06/2011;Télimélé;661320038;kadiatou.kante506@gmail.com;Quartier Dixinn;O-;4eme Annee
Cissé;Rougui;F;04/08/2012;Faranah;660653349;rougui.cisse242@outlook.com;Quartier Simbaya;AB+;2eme annee
Barry;Ousmane;M;06/03/2009;Tougué;657469737;ousmane.barry898@hotmail.com;Quartier Wanindara;AB+;Terminale SE
Doumbouya;Fodé;M;10/08/2010;Boké;624817555;fode.doumbouya680@yahoo.fr;Quartier Gbessia;AB+;4eme Annee
Sano;Kesso;F;25/10/2011;Labé;660923353;kesso.sano338@gmail.com;Quartier Kaloum;AB+;3ème Année
Condé;Nassa;F;07/10/2009;Kankan;660870269;nassa.conde752@outlook.com;Quartier Kipé;A-;Terminale SE
Baldé;Djibril;M;02/09/2010;Dinguiraye;626413388;djibril.balde561@gmail.com;Quartier Kagbelen;B-;4eme Annee
Kourouma;Mamadou;M;07/06/2013;Dabola;655534037;;Quartier Cosa;A+;2eme annee
Sylla;Saran;F;08/03/2009;Lola;624415508;saran.sylla995@gmail.com;Quartier Wanindara;A-;Terminale SE
Camara;Sanoussy;M;08/05/2012;Dinguiraye;627421080;sanoussy.camara61@outlook.com;Quartier Wanindara;B-;2eme annee
Bangoura;Kadiatou;F;21/07/2011;Faranah;662753404;;Quartier Matoto;O-;3ème Année
Kourouma;Bangaly;M;08/07/2012;Faranah;626446305;bangaly.kourouma206@hotmail.com;Quartier Nongo;O-;2eme annee
Baldé;Ramatoulaye;F;26/01/2011;Dinguiraye;661400404;ramatoulaye.balde268@hotmail.com;Quartier Lambanyi;AB+;3ème Année
Camara;Mabinty;F;27/08/2012;Beyla;623571706;mabinty.camara432@outlook.com;Quartier Nongo;B-;3ème Année
Diallo;Thierno;M;23/04/2012;Dubréka;655345896;;Quartier Kobaya;O-;3ème Année
Diallo;Néné;F;08/08/2012;Mamou;659466643;nene.diallo34@yahoo.fr;Quartier Cosa;O+;2eme annee
Diaby;Sékou;M;09/03/2009;Conakry;662789247;sekou.diaby884@gmail.com;Quartier Kipé;B+;Terminale SE
Diallo;Mariame;F;07/01/2011;Boké;621341026;mariame.diallo669@hotmail.com;Quartier Hamdallaye;A+;4eme Annee
Sidibé;Cellou;M;23/05/2011;Télimélé;627160718;cellou.sidibe270@hotmail.com;Quartier Dixinn;AB-;3ème Année
Condé;Aissatou;F;16/06/2012;Dinguiraye;625119264;aissatou.conde483@outlook.com;Quartier Nongo;B+;3ème Année
Kouyaté;Oumou;F;16/08/2008;Forécariah;662831782;;Quartier Madina;A-;Terminale SE
Sow;Mohamed;M;25/12/2013;N'Zérékoré;655468074;;Quartier Kaloum;AB+;2eme annee
Diallo;Mabinty;F;12/02/2009;Mali;659532993;mabinty.diallo936@hotmail.com;Quartier Madina;B-;Terminale SE
Baldé;Adama;F;18/02/2008;Faranah;621188720;adama.balde841@outlook.com;Quartier Nongo;A+;Terminale SE
Kaba;Mohamed;M;16/03/2013;Mamou;656936587;mohamed.kaba59@outlook.com;Quartier Simbaya;B+;2eme annee
Touré;Djénabou;F;03/05/2008;Kamsar;622456765;djenabou.toure824@yahoo.fr;Quartier Dixinn;B-;Terminale SE
Traoré;Kadija;F;07/05/2012;Conakry;620706063;kadija.traore409@gmail.com;Quartier Kipé;A-;3ème Année
Kourouma;Elhadj;M;09/05/2012;Koundara;660999924;elhadj.kourouma320@gmail.com;Quartier Cosa;A+;3ème Année
Camara;Ousmane;M;16/04/2009;Lola;659254586;ousmane.camara827@yahoo.fr;Quartier Kobaya;O+;Terminale SE
Cissé;Amadou;M;28/10/2010;Dinguiraye;623344181;amadou.cisse626@hotmail.com;Quartier Hamdallaye;B+;4eme Annee
Kaba;Facinet;M;07/02/2010;Koundara;624708979;facinet.kaba531@gmail.com;Quartier Kaloum;A+;4eme Annee
Sano;Djeinabou;F;02/05/2012;Faranah;627663723;djeinabou.sano248@hotmail.com;Quartier Enco 5;AB-;2eme annee
Sylla;Binta;F;05/02/2008;N'Zérékoré;628289401;;Quartier Wanindara;B-;Terminale SE
Touré;Salamatou;F;06/01/2010;Coyah;657599365;salamatou.toure548@yahoo.fr;Quartier Kipé;AB+;4eme Annee
Baldé;Ibrahima;M;25/10/2013;Dubréka;659896907;;Quartier Hamdallaye;A+;2eme annee
Bah;Hawa;F;08/11/2011;Faranah;662955937;hawa.bah295@gmail.com;Quartier Cosa;AB+;3ème Année
Konaté;Salamatou;F;21/03/2013;N'Zérékoré;664659392;;Quartier Kagbelen;A+;2eme annee
Kaba;Souleymane;M;23/09/2009;Mali;625830532;souleymane.kaba927@hotmail.com;Quartier Madina;A-;Terminale SE
Touré;Nassa;F;07/12/2008;Télimélé;663184638;nassa.toure987@gmail.com;Quartier Wanindara;B-;Terminale SE
Diallo;Cellou;M;11/01/2011;Télimélé;625535092;;Quartier Gbessia;B-;4eme Annee
Camara;Cellou;M;16/04/2009;Kamsar;621958706;;Quartier Kobaya;B+;Terminale SE
Doumbouya;Mohamed;M;05/12/2011;Beyla;629266699;mohamed.doumbouya258@outlook.com;Quartier Ratoma;B-;3ème Année
Soumah;Cellou;M;07/10/2011;Koundara;660668458;cellou.soumah297@hotmail.com;Quartier Matoto;O-;3ème Année
Cissé;Fodé;M;20/11/2013;Boké;629436241;fode.cisse230@yahoo.fr;Quartier Wanindara;B-;2eme annee
Traoré;Fatoumata;F;28/11/2012;Kankan;657225710;fatoumata.traore24@yahoo.fr;Quartier Enco 5;O+;2eme annee
Doumbouya;Aboubacar;M;01/07/2012;Kindia;662309100;aboubacar.doumbouya339@gmail.com;Quartier Cimenterie;A-;3ème Année
Sow;Nassa;F;15/05/2011;Lola;622769809;nassa.sow554@outlook.com;Quartier Lambanyi;B-;4eme Annee
Baldé;Ousmane;M;14/02/2010;Yomou;623181511;;Quartier Wanindara;AB+;4eme Annee
Sidibé;Sékou;M;02/11/2012;Tougué;620359295;sekou.sidibe53@gmail.com;Quartier Simbaya;A+;2eme annee
Sano;Fodé;M;01/06/2012;Dubréka;623409783;fode.sano237@gmail.com;Quartier Dixinn;A+;2eme annee
Diaby;Aboubacar;M;07/03/2010;Siguiri;655805139;aboubacar.diaby511@hotmail.com;Quartier Matoto;A+;4eme Annee
Diakité;Mamadou;M;06/06/2012;Mali;664582446;mamadou.diakite121@outlook.com;Quartier Ratoma;AB+;2eme annee
Diallo;Ramatoulaye;F;18/03/2012;Faranah;625215266;ramatoulaye.diallo104@gmail.com;Quartier Kaloum;O+;2eme annee
Barry;Binta;F;01/05/2011;Siguiri;628209812;;Quartier Matam;AB+;3ème Année
Soumah;Mamadou;M;18/06/2011;Kamsar;659284731;mamadou.soumah530@hotmail.com;Quartier Ratoma;O-;4eme Annee
Diakité;Ramatoulaye;F;15/05/2009;N'Zérékoré;657689448;ramatoulaye.diakite802@gmail.com;Quartier Cimenterie;A+;Terminale SE
Traoré;Ousmane;M;18/05/2012;Dinguiraye;655952686;;Quartier Kobaya;O-;2eme annee
Sylla;Facinet;M;10/01/2013;Pita;629978157;facinet.sylla81@hotmail.com;Quartier Kaloum;AB-;2eme annee
Keita;Rougui;F;03/11/2010;Conakry;660801534;rougui.keita583@hotmail.com;Quartier Enco 5;O+;4eme Annee
Cissé;Moussa;M;03/01/2013;Kankan;663715643;moussa.cisse73@outlook.com;Quartier Enco 5;O+;2eme annee
Barry;Amadou;M;18/12/2009;Beyla;629589730;amadou.barry949@hotmail.com;Quartier Lambanyi;AB+;Terminale SE
Diakité;Oumou;F;17/10/2011;Coyah;662289373;oumou.diakite641@yahoo.fr;Quartier Enco 5;AB-;4eme Annee
Diakité;Kesso;F;09/02/2011;Macenta;624188406;kesso.diakite438@hotmail.com;Quartier Bambeto;A-;3ème Année
Kouyaté;Saran;F;13/08/2011;Lola;629438756;saran.kouyate450@gmail.com;Quartier Tombolia;O-;3ème Année
Kouyaté;Ramatoulaye;F;08/03/2012;Labé;662178711;ramatoulaye.kouyate69@hotmail.com;Quartier Yimbaya;AB-;2eme annee
Baldé;Djénabou;F;23/11/2008;Fria;623556018;djenabou.balde821@gmail.com;Quartier Matam;B-;Terminale SE
Bah;Alpha;M;18/10/2013;Conakry;661702980;alpha.bah142@yahoo.fr;Quartier Bambeto;AB+;2eme annee
Sano;Binta;F;02/05/2010;Mamou;623935309;;Quartier Wanindara;AB-;4eme Annee
Camara;Aminata;F;26/06/2011;Pita;663128206;aminata.camara634@outlook.com;Quartier Kipé;O-;4eme Annee
Traoré;Mabinty;F;12/11/2012;Lola;624844904;mabinty.traore366@yahoo.fr;Quartier Gbessia;B-;3ème Année
Sidibé;Aissatou;F;14/12/2009;Mamou;629298652;aissatou.sidibe971@outlook.com;Quartier Gbessia;AB-;Terminale SE
Camara;Fatoumata;F;04/10/2008;Forécariah;623359214;fatoumata.camara996@hotmail.com;Quartier Madina;AB-;Terminale SE
Sylla;Abdoulaye;M;18/08/2012;Boké;626784167;;Quartier Tombolia;A-;3ème Année
Kanté;Tibou;M;02/09/2011;N'Zérékoré;658889460;tibou.kante585@yahoo.fr;Quartier Kobaya;O-;4eme Annee
Sylla;Thierno;M;02/09/2012;Koundara;622957730;thierno.sylla213@gmail.com;Quartier Lambanyi;A+;2eme annee
Soumah;Fodé;M;15/09/2012;Lola;629858414;;Quartier Hamdallaye;O+;2eme annee
Diallo;Fatou;F;14/10/2010;Télimélé;621450006;fatou.diallo509@yahoo.fr;Quartier Madina;A-;4eme Annee
Kaba;Djénabou;F;21/11/2010;Kissidougou;663427679;djenabou.kaba541@outlook.com;Quartier Tombolia;O+;4eme Annee
Bangoura;Oumou;F;13/07/2010;Koundara;663335391;;Quartier Madina;A-;4eme Annee
Soumah;Hadja;F;27/08/2008;Macenta;625131652;;Quartier Kaloum;O-;Terminale SE
Diallo;Djeinabou;F;10/03/2010;Gueckedou;658638051;djeinabou.diallo748@outlook.com;Quartier Bambeto;A+;4eme Annee
Sidibé;Aminata;F;27/06/2011;Boké;623989816;aminata.sidibe699@hotmail.com;Quartier Madina;A-;4eme Annee
Sidibé;Ramatoulaye;F;08/12/2013;Kindia;623588002;ramatoulaye.sidibe190@hotmail.com;Quartier Kobaya;B+;2eme annee
Touré;Abdoulaye;M;04/01/2012;Koundara;625141360;abdoulaye.toure349@outlook.com;Quartier Kobaya;B-;3ème Année
Kourouma;Fanta;F;06/05/2013;Gueckedou;658765620;fanta.kourouma74@gmail.com;Quartier Wanindara;B-;2eme annee
Kouyaté;Facinet;M;02/07/2011;Beyla;622483102;facinet.kouyate560@outlook.com;Quartier Ratoma;AB-;4eme Annee
Diakité;Yaya;M;27/12/2011;Kamsar;659619344;yaya.diakite582@gmail.com;Quartier Lambanyi;A-;4eme Annee
Camara;Lansana;M;20/04/2012;Mamou;659523579;lansana.camara418@outlook.com;Quartier Matam;AB+;3ème Année
Kourouma;Aboubacar;M;19/09/2008;Yomou;620343904;;Quartier Dixinn;B+;Terminale SE
Diallo;Aicha;F;25/04/2012;Kissidougou;621476105;aicha.diallo369@gmail.com;Quartier Simbaya;A-;3ème Année
Touré;Néné;F;27/11/2013;Dabola;625488162;nene.toure6@outlook.com;Quartier Kobaya;O-;2eme annee
Barry;Ramatoulaye;F;02/02/2008;N'Zérékoré;622376537;ramatoulaye.barry962@hotmail.com;Quartier Hamdallaye;A+;Terminale SE
Diakité;Moussa;M;28/11/2009;Labé;620674559;moussa.diakite830@hotmail.com;Quartier Kobaya;AB-;Terminale SE
Cissé;Néné;F;25/02/2013;Faranah;656772642;nene.cisse35@outlook.com;Quartier Madina;O-;2eme annee
Condé;Younoussa;M;13/05/2013;Coyah;662780233;younoussa.conde209@outlook.com;Quartier Nongo;AB-;2eme annee
Barry;Tibou;M;21/10/2008;Kindia;627833736;tibou.barry920@gmail.com;Quartier Kaloum;O-;Terminale SE
Kaba;Salamatou;F;13/12/2011;Gaoual;664861173;salamatou.kaba685@outlook.com;Quartier Kobaya;AB+;4eme Annee
Kourouma;Djénabou;F;16/08/2011;Kissidougou;658542519;djenabou.kourouma645@gmail.com;Quartier Sonfonia;A+;4eme Annee
Kouyaté;Oumou;F;07/05/2013;Lola;655350280;oumou.kouyate25@yahoo.fr;Quartier Kobaya;B+;2eme annee
Bangoura;Ousmane;M;06/09/2011;Kissidougou;629227391;ousmane.bangoura597@hotmail.com;Quartier Wanindara;A+;4eme Annee
Diallo;Djénabou;F;22/10/2013;Kankan;660711484;;Quartier Yimbaya;B+;2eme annee
Sow;Souleymane;M;24/11/2012;Beyla;658492650;souleymane.sow197@hotmail.com;Quartier Yimbaya;AB+;2eme annee
Doumbouya;Moussa;M;21/02/2008;Gueckedou;656953779;;Quartier Sonfonia;AB+;Terminale SE
Kourouma;Ibrahima;M;27/03/2009;Yomou;626989265;ibrahima.kourouma829@yahoo.fr;Quartier Matoto;A+;Terminale SE
Kourouma;Fodé;M;24/10/2011;Siguiri;658470057;fode.kourouma542@outlook.com;Quartier Bambeto;A+;4eme Annee
Kouyaté;Souleymane;M;04/01/2008;Dabola;660288358;souleymane.kouyate834@gmail.com;Quartier Gbessia;B-;Terminale SE
Diallo;Amadou;M;05/03/2011;N'Zérékoré;623767830;amadou.diallo445@hotmail.com;Quartier Hamdallaye;AB-;3ème Année
Kanté;Fassou;M;28/12/2013;Dabola;657237118;fassou.kante166@gmail.com;Quartier Cimenterie;A-;2eme annee
Kanté;Sira;F;23/09/2009;Dubréka;660596771;sira.kante760@hotmail.com;Quartier Kagbelen;O+;Terminale SE
Touré;Aissatou;F;20/11/2013;Macenta;621176319;aissatou.toure207@yahoo.fr;Quartier Wanindara;A-;2eme annee
Cissé;Néné;F;23/12/2013;Beyla;660703853;nene.cisse231@outlook.com;Quartier Kipé;B+;2eme annee
Kanté;Sanoussy;M;18/08/2012;Mali;660460745;sanoussy.kante293@outlook.com;Quartier Kipé;B+;3ème Année
Soumah;Aminata;F;26/02/2009;Conakry;624903541;aminata.soumah916@gmail.com;Quartier Wanindara;O-;Terminale SE
Camara;Elhadj;M;08/12/2011;Dinguiraye;659359168;elhadj.camara449@gmail.com;Quartier Sonfonia;AB-;3ème Année
Sidibé;Aissatou;F;05/01/2011;Gaoual;621799396;aissatou.sidibe503@outlook.com;Quartier Cimenterie;O-;4eme Annee
Bangoura;Alpha;M;13/01/2011;Beyla;629861253;alpha.bangoura259@yahoo.fr;Quartier Lambanyi;O-;3ème Année
Traoré;Kadiatou;F;20/08/2012;Lola;621356622;kadiatou.traore201@hotmail.com;Quartier Yimbaya;A-;2eme annee
Diallo;Sékou;M;28/05/2012;Yomou;624944917;sekou.diallo205@gmail.com;Quartier Tombolia;AB+;2eme annee
Barry;Mariam;F;01/02/2011;Conakry;625193471;mariam.barry570@outlook.com;Quartier Lambanyi;AB-;4eme Annee
Sano;Moussa;M;25/12/2010;Kankan;655469844;moussa.sano588@hotmail.com;Quartier Hamdallaye;O+;4eme Annee
Sylla;Younoussa;M;03/05/2011;Koundara;627411870;younoussa.sylla653@yahoo.fr;Quartier Yimbaya;B-;4eme Annee
Sidibé;Ibrahima;M;18/06/2013;Kamsar;661992512;;Quartier Ratoma;A+;2eme annee
Sow;Hawa;F;27/10/2011;Faranah;626220190;hawa.sow387@gmail.com;Quartier Tombolia;AB-;3ème Année
Kanté;Djénabou;F;07/01/2011;Beyla;660972496;;Quartier Kagbelen;O+;3ème Année
Kaba;Oumou;F;15/10/2011;Siguiri;657598312;oumou.kaba716@yahoo.fr;Quartier Kaloum;AB-;4eme Annee
Barry;Alpha;M;14/02/2012;Kamsar;656951201;;Quartier Matoto;B-;2eme annee
Kouyaté;Saran;F;21/09/2012;Macenta;664396408;saran.kouyate329@gmail.com;Quartier Wanindara;O-;3ème Année
Kouyaté;Néné;F;26/08/2008;Tougué;661582576;nene.kouyate993@gmail.com;Quartier Matoto;B+;Terminale SE
Kouyaté;Ramatoulaye;F;14/03/2008;Gaoual;627791396;ramatoulaye.kouyate980@outlook.com;Quartier Wanindara;O+;Terminale SE
Sylla;Mamadou;M;05/01/2009;Tougué;628337078;mamadou.sylla861@outlook.com;Quartier Bambeto;B-;Terminale SE
Traoré;Sira;F;14/02/2011;Dabola;622516174;sira.traore647@yahoo.fr;Quartier Cosa;O-;4eme Annee
Bah;Oumou;F;15/02/2011;Kamsar;661242514;oumou.bah622@outlook.com;Quartier Bambeto;O+;4eme Annee
Sano;Kadija;F;13/07/2012;Koundara;620597012;kadija.sano384@yahoo.fr;Quartier Kaloum;AB+;3ème Année
Cissé;Aboubacar;M;13/04/2009;Kindia;620362779;;Quartier Kaloum;B-;Terminale SE
Barry;Alhassane;M;16/03/2011;Fria;664454861;alhassane.barry453@gmail.com;Quartier Matoto;B-;3ème Année
Cissé;Facinet;M;11/03/2012;Télimélé;660402218;facinet.cisse75@hotmail.com;Quartier Tombolia;O+;2eme annee
Diaby;Fatou;F;08/08/2008;Forécariah;663924154;fatou.diaby768@hotmail.com;Quartier Yimbaya;B-;Terminale SE
Kanté;Fanta;F;24/12/2008;Forécariah;664289989;fanta.kante868@yahoo.fr;Quartier Cosa;O-;Terminale SE
Kanté;Aboubacar;M;05/09/2013;Mamou;658797229;aboubacar.kante39@yahoo.fr;Quartier Simbaya;B+;2eme annee
Condé;Ibrahima;M;02/10/2013;Conakry;626416061;ibrahima.conde118@yahoo.fr;Quartier Hamdallaye;B+;2eme annee
Kouyaté;Tibou;M;04/01/2011;Beyla;659117072;;Quartier Matam;AB-;3ème Année
Kaba;Lansana;M;17/08/2011;Faranah;624905305;lansana.kaba627@gmail.com;Quartier Hamdallaye;AB-;4eme Annee
Bangoura;Sékou;M;01/05/2012;Yomou;662232731;sekou.bangoura64@gmail.com;Quartier Tombolia;B+;2eme annee
Diallo;Ramatoulaye;F;27/02/2013;Fria;657615633;;Quartier Kagbelen;O+;2eme annee
Diallo;Yaya;F;10/08/2012;Faranah;662695417;;Quartier Dixinn;A+;3ème Année
Baldé;Abdoulaye;M;22/05/2008;Forécariah;622576749;;Quartier Gbessia;O+;Terminale SE
Sano;Yaya;F;15/03/2012;Forécariah;661194952;yaya.sano394@gmail.com;Quartier Kobaya;A-;3ème Année
Kouyaté;Djibril;M;17/08/2010;Siguiri;663301831;;Quartier Madina;O-;4eme Annee
Kourouma;Hawa;F;21/06/2008;N'Zérékoré;664401967;hawa.kourouma974@gmail.com;Quartier Matam;AB-;Terminale SE
Diaby;Aissatou;F;23/02/2008;Yomou;624495796;aissatou.diaby902@hotmail.com;Quartier Nongo;O+;Terminale SE
Traoré;Sira;F;05/02/2012;Faranah;664763829;sira.traore108@outlook.com;Quartier Kipé;B+;2eme annee
Bah;Cellou;M;28/06/2013;Coyah;664280908;cellou.bah243@outlook.com;Quartier Simbaya;O-;2eme annee
Sano;Karim;M;14/10/2009;Siguiri;656814982;karim.sano815@outlook.com;Quartier Cosa;B-;Terminale SE
Kanté;Amadou;M;09/02/2009;Coyah;621671559;amadou.kante923@hotmail.com;Quartier Kaloum;A-;Terminale SE
Kourouma;Abdoulaye;M;28/05/2008;Yomou;663601515;abdoulaye.kourouma828@yahoo.fr;Quartier Wanindara;B+;Terminale SE
Sano;Abdoulaye;M;23/02/2009;Kissidougou;663279787;abdoulaye.sano791@gmail.com;Quartier Simbaya;B-;Terminale SE
Sow;Aboubacar;M;08/02/2009;Dinguiraye;659801655;;Quartier Yimbaya;AB-;Terminale SE
Sow;Sékou;M;13/08/2009;Lola;625832453;sekou.sow779@hotmail.com;Quartier Matoto;A-;Terminale SE
Soumah;Yaya;M;10/11/2008;Gaoual;658322162;yaya.soumah935@hotmail.com;Quartier Tombolia;AB+;Terminale SE
Camara;Fatou;F;14/07/2012;N'Zérékoré;659881828;fatou.camara488@outlook.com;Quartier Kaloum;A-;3ème Année
Doumbouya;Sira;F;08/10/2010;Kamsar;662334981;sira.doumbouya696@outlook.com;Quartier Nongo;O+;4eme Annee
Sidibé;Ousmane;M;11/09/2011;Coyah;658878656;;Quartier Gbessia;B+;4eme Annee
Traoré;Yaya;M;26/02/2013;Yomou;623994217;yaya.traore109@yahoo.fr;Quartier Lambanyi;AB-;2eme annee
Soumah;Alseny;M;01/09/2010;Kamsar;659288274;alseny.soumah682@hotmail.com;Quartier Matoto;O-;4eme Annee
Diallo;Aminata;F;16/05/2012;Kamsar;623346205;aminata.diallo99@yahoo.fr;Quartier Kipé;AB-;2eme annee
Cissé;Abdoulaye;M;17/04/2013;Dubréka;656599292;;Quartier Yimbaya;B-;2eme annee
Kouyaté;Djeinabou;F;13/07/2009;Kamsar;628416693;djeinabou.kouyate988@yahoo.fr;Quartier Enco 5;AB+;Terminale SE
Keita;Aly;M;06/06/2009;Kamsar;659927527;aly.keita751@hotmail.com;Quartier Cosa;O+;Terminale SE
Kouyaté;Kadiatou;F;18/11/2008;Tougué;624447300;kadiatou.kouyate873@outlook.com;Quartier Enco 5;B-;Terminale SE
Diallo;Mariame;F;18/10/2013;Boké;658233636;;Quartier Nongo;O+;2eme annee
Condé;Aminata;F;05/12/2013;Yomou;626167348;aminata.conde47@outlook.com;Quartier Tombolia;AB-;2eme annee
Kouyaté;Mabinty;F;05/06/2009;Tougué;655228244;;Quartier Madina;B-;Terminale SE
Barry;Alpha;M;12/04/2012;Fria;664139589;alpha.barry414@hotmail.com;Quartier Simbaya;B+;3ème Année
Bangoura;Saran;F;09/09/2009;Macenta;623150293;saran.bangoura850@hotmail.com;Quartier Matam;B-;Terminale SE
Touré;Néné;F;13/10/2011;Macenta;656903702;nene.toure633@outlook.com;Quartier Matoto;O+;4eme Annee
Soumah;Djeinabou;F;23/06/2011;Kamsar;660142027;;Quartier Tombolia;O-;4eme Annee
Camara;Aboubacar;M;15/02/2011;Coyah;663569865;;Quartier Wanindara;AB-;3ème Année
Traoré;Thierno;M;18/12/2010;N'Zérékoré;625283877;thierno.traore595@yahoo.fr;Quartier Matam;A-;4eme Annee
Barry;Fatou;F;14/12/2011;Mali;659402654;fatou.barry603@hotmail.com;Quartier Lambanyi;A+;4eme Annee
Kanté;Adama;F;24/06/2011;Yomou;627819656;adama.kante332@hotmail.com;Quartier Kobaya;B-;3ème Année
Barry;Assiatou;F;07/05/2011;Labé;660102187;;Quartier Nongo;O-;4eme Annee
Barry;Aminata;F;17/02/2013;Tougué;662975686;aminata.barry133@gmail.com;Quartier Kobaya;B-;2eme annee
Diakité;Fanta;F;16/04/2011;Beyla;664174461;fanta.diakite266@gmail.com;Quartier Nongo;B-;3ème Année
Diaby;Fassou;M;17/12/2010;Faranah;658672696;fassou.diaby539@gmail.com;Quartier Matoto;AB-;4eme Annee
Barry;Adama;F;25/11/2009;Télimélé;655952905;adama.barry956@yahoo.fr;Quartier Matoto;AB-;Terminale SE
Diallo;Salamatou;F;20/12/2008;Coyah;655240789;salamatou.diallo795@gmail.com;Quartier Gbessia;AB+;Terminale SE
Baldé;Amadou;M;18/05/2011;Siguiri;659803724;;Quartier Kaloum;A+;4eme Annee
Konaté;Ramatoulaye;F;25/04/2010;Kissidougou;624419409;ramatoulaye.konate726@hotmail.com;Quartier Ratoma;A-;4eme Annee
Barry;Mabinty;F;03/02/2011;Dinguiraye;625402380;mabinty.barry590@gmail.com;Quartier Dixinn;A+;4eme Annee
Sylla;Assiatou;F;27/07/2012;Labé;621976822;assiatou.sylla185@hotmail.com;Quartier Matam;B+;2eme annee
Sidibé;Mohamed;M;10/08/2008;Boké;657138805;mohamed.sidibe958@gmail.com;Quartier Cimenterie;O+;Terminale SE
Kanté;Lansana;M;22/08/2010;Kamsar;625975290;lansana.kante621@hotmail.com;Quartier Lambanyi;A-;4eme Annee
Touré;Saran;F;09/11/2011;Dinguiraye;620681896;saran.toure484@yahoo.fr;Quartier Kaloum;B-;3ème Année
Traoré;Adama;F;18/09/2012;Fria;629320256;adama.traore386@outlook.com;Quartier Sonfonia;AB+;3ème Année
Camara;Binta;F;24/02/2012;Forécariah;623288503;binta.camara496@yahoo.fr;Quartier Kipé;AB+;3ème Année
Kanté;Djénabou;F;28/04/2010;Koundara;628401950;djenabou.kante661@hotmail.com;Quartier Kaloum;AB+;4eme Annee
Diaby;Tibou;M;12/07/2008;Conakry;623551730;tibou.diaby860@gmail.com;Quartier Gbessia;A+;Terminale SE
Sidibé;Djénabou;F;26/01/2009;Gueckedou;658235130;djenabou.sidibe939@hotmail.com;Quartier Matam;AB+;Terminale SE
Condé;Ibrahima;M;10/12/2013;Yomou;659174637;ibrahima.conde70@outlook.com;Quartier Kagbelen;A-;2eme annee
Doumbouya;Aicha;F;27/10/2011;Tougué;625753484;aicha.doumbouya404@outlook.com;Quartier Matam;B-;3ème Année
Cissé;Tibou;M;06/03/2009;N'Zérékoré;620287356;tibou.cisse946@gmail.com;Quartier Dixinn;B-;Terminale SE
Diakité;Sanoussy;M;22/08/2012;Faranah;622773045;sanoussy.diakite311@yahoo.fr;Quartier Nongo;AB+;3ème Année
Diallo;Sanoussy;M;20/09/2010;Dinguiraye;622518233;sanoussy.diallo675@yahoo.fr;Quartier Kipé;O-;4eme Annee
Sano;Saran;F;15/07/2009;Labé;628317445;saran.sano781@hotmail.com;Quartier Madina;O-;Terminale SE
Bangoura;Moussa;M;10/08/2009;Beyla;663174694;moussa.bangoura804@gmail.com;Quartier Dixinn;AB+;Terminale SE
Diallo;Aicha;F;03/03/2012;Yomou;627473023;aicha.diallo286@gmail.com;Quartier Kobaya;B+;3ème Année
Kaba;Fassou;M;13/11/2012;Dabola;628883618;;Quartier Ratoma;B-;2eme annee
Condé;Moussa;M;02/08/2008;Koundara;656761601;moussa.conde806@gmail.com;Quartier Kobaya;A+;Terminale SE
Sylla;Yaya;F;23/09/2009;Pita;661371407;yaya.sylla880@yahoo.fr;Quartier Bambeto;B+;Terminale SE
Camara;Rougui;F;12/10/2011;Dinguiraye;625979908;rougui.camara733@gmail.com;Quartier Dixinn;AB-;4eme Annee
Sidibé;Fatou;F;25/11/2011;Beyla;657156757;fatou.sidibe471@gmail.com;Quartier Cimenterie;A+;3ème Année
Soumah;Aicha;F;03/03/2012;Tougué;661178693;aicha.soumah348@gmail.com;Quartier Hamdallaye;A-;3ème Année
Condé;Tibou;M;19/08/2010;Dubréka;621557037;;Quartier Simbaya;AB-;4eme Annee
Touré;Aminata;F;24/09/2010;Mali;628301170;aminata.toure737@gmail.com;Quartier Kobaya;B+;4eme Annee
Konaté;Fatoumata;F;08/05/2008;Macenta;657510945;fatoumata.konate973@yahoo.fr;Quartier Hamdallaye;AB-;Terminale SE
Barry;Aissatou;F;05/08/2011;Koundara;658212157;aissatou.barry361@yahoo.fr;Quartier Sonfonia;O-;3ème Année
Bah;Amadou;M;15/02/2012;Labé;659192055;amadou.bah156@outlook.com;Quartier Kobaya;B-;2eme annee
Sylla;Oumou;F;25/04/2010;Dubréka;623444622;;Quartier Kobaya;O-;4eme Annee
Kaba;Aly;M;09/04/2012;Kissidougou;629335790;aly.kaba179@outlook.com;Quartier Bambeto;A-;2eme annee
Diallo;Salamatou;F;28/02/2013;Conakry;663398151;salamatou.diallo65@hotmail.com;Quartier Cimenterie;A+;2eme annee
Sow;Aboubacar;M;15/06/2011;Dubréka;620168540;aboubacar.sow526@outlook.com;Quartier Wanindara;AB-;4eme Annee
Kourouma;Fatoumata;F;05/04/2012;Labé;625479818;fatoumata.kourouma400@gmail.com;Quartier Kobaya;A-;3ème Année
Kourouma;Binta;F;27/09/2011;Coyah;657472566;binta.kourouma538@hotmail.com;Quartier Simbaya;O+;4eme Annee
Doumbouya;Ousmane;M;13/05/2011;Koundara;623154398;ousmane.doumbouya724@yahoo.fr;Quartier Wanindara;AB+;4eme Annee
Sidibé;Alseny;M;05/02/2008;Fria;628524745;;Quartier Yimbaya;AB+;Terminale SE
Kaba;Mamadou;M;13/02/2011;Télimélé;621684194;mamadou.kaba358@gmail.com;Quartier Simbaya;B+;3ème Année
Sylla;Kadiatou;F;05/09/2012;Kankan;626749887;kadiatou.sylla216@outlook.com;Quartier Hamdallaye;AB+;2eme annee
Kourouma;Amadou;M;04/03/2011;Dabola;621915572;amadou.kourouma516@gmail.com;Quartier Yimbaya;O+;4eme Annee
Kourouma;Fassou;M;08/11/2008;Koundara;626660563;;Quartier Kagbelen;B-;Terminale SE
Kaba;Alpha;M;17/09/2009;Mali;620275044;alpha.kaba877@yahoo.fr;Quartier Bambeto;O+;Terminale SE
Konaté;Bangaly;M;19/04/2010;Lola;655938373;bangaly.konate513@outlook.com;Quartier Ratoma;A+;4eme Annee
Bangoura;Kesso;F;19/10/2012;Lola;658806995;kesso.bangoura367@outlook.com;Quartier Lambanyi;O+;3ème Année
Kouyaté;Hawa;F;02/10/2013;Koundara;620185168;;Quartier Kagbelen;B+;2eme annee
Condé;Lansana;M;16/09/2012;Fria;621214975;lansana.conde10@yahoo.fr;Quartier Kobaya;AB+;2eme annee
Sano;Kesso;F;04/03/2011;Labé;659588694;kesso.sano284@gmail.com;Quartier Tombolia;B-;3ème Année
Diaby;Ibrahima;M;25/02/2012;Kindia;655464831;ibrahima.diaby470@hotmail.com;Quartier Lambanyi;O-;3ème Année
Sidibé;Alpha;M;16/01/2010;Télimélé;620721313;alpha.sidibe741@outlook.com;Quartier Hamdallaye;A-;4eme Annee
Camara;Fatoumata;F;25/03/2009;Labé;660879677;;Quartier Gbessia;B+;Terminale SE
Diallo;Thierno;M;26/04/2012;Yomou;664384459;;Quartier Kagbelen;O+;3ème Année
Bangoura;Djénabou;F;14/10/2012;Labé;622648913;djenabou.bangoura143@gmail.com;Quartier Gbessia;O+;2eme annee
Doumbouya;Mohamed;M;27/11/2009;Conakry;621363647;;Quartier Bambeto;A+;Terminale SE
Diakité;Kadiatou;F;13/09/2012;Télimélé;664826155;kadiatou.diakite364@outlook.com;Quartier Kipé;B-;3ème Année
Kourouma;Mamadou;M;17/05/2009;Pita;620572445;mamadou.kourouma929@yahoo.fr;Quartier Kagbelen;AB-;Terminale SE
Baldé;Aissatou;F;23/07/2008;Kissidougou;625730134;aissatou.balde930@outlook.com;Quartier Sonfonia;A-;Terminale SE
Kanté;Djeinabou;F;18/01/2013;Kankan;623578634;;Quartier Yimbaya;B-;2eme annee
